invoice_no,stock_code,description,quantity,unit_price,customer_id,country,invoice_date,invoice_time
536365,21730,"Glass star frosted t-light holder",6,4.25,17850,"United Kingdom",2010-12-01,08:26:00
536365,22752,"Set 7 babushka nesting boxes",2,7.65,17850,"United Kingdom",2010-12-01,08:26:00
536365,71053,"White metal lantern",6,3.39,17850,"United Kingdom",2010-12-01,08:26:00
536365,84029E,"Red woolly hottie white heart.",6,3.39,17850,"United Kingdom",2010-12-01,08:26:00
536365,84029G,"Knitted union flag hot water bottle",6,3.39,17850,"United Kingdom",2010-12-01,08:26:00
536365,84406B,"Cream cupid hearts coat hanger",8,2.75,17850,"United Kingdom",2010-12-01,08:26:00
536365,85123A,"White hanging heart t-light holder",6,2.55,17850,"United Kingdom",2010-12-01,08:26:00
536366,22632,"Hand warmer red polka dot",6,1.85,17850,"United Kingdom",2010-12-01,08:28:00
536366,22633,"Hand warmer union jack",6,1.85,17850,"United Kingdom",2010-12-01,08:28:00
536367,21754,"Home building block word",3,5.95,13047,"United Kingdom",2010-12-01,08:34:00
536367,21755,"Love building block word",3,5.95,13047,"United Kingdom",2010-12-01,08:34:00
536367,21777,"Recipe box with metal heart",4,7.95,13047,"United Kingdom",2010-12-01,08:34:00
536367,22310,"Ivory knitted mug cosy ",6,1.65,13047,"United Kingdom",2010-12-01,08:34:00
536367,22622,"Box of vintage alphabet blocks",2,9.95,13047,"United Kingdom",2010-12-01,08:34:00
536367,22623,"Box of vintage jigsaw blocks ",3,4.95,13047,"United Kingdom",2010-12-01,08:34:00
536367,22745,"Poppy's playhouse bedroom ",6,2.10,13047,"United Kingdom",2010-12-01,08:34:00
536367,22748,"Poppy's playhouse kitchen",6,2.10,13047,"United Kingdom",2010-12-01,08:34:00
536367,22749,"Feltcraft princess charlotte doll",8,3.75,13047,"United Kingdom",2010-12-01,08:34:00
536367,48187,"Doormat new england",4,7.95,13047,"United Kingdom",2010-12-01,08:34:00
536367,84879,"Assorted colour bird ornament",32,1.69,13047,"United Kingdom",2010-12-01,08:34:00
536367,84969,"Box of 6 assorted colour teaspoons",6,4.25,13047,"United Kingdom",2010-12-01,08:34:00
536368,22912,"Yellow coat rack paris fashion",3,4.95,13047,"United Kingdom",2010-12-01,08:34:00
536368,22913,"Red coat rack paris fashion",3,4.95,13047,"United Kingdom",2010-12-01,08:34:00
536368,22914,"Blue coat rack paris fashion",3,4.95,13047,"United Kingdom",2010-12-01,08:34:00
536368,22960,"Jam making set with jars",6,4.25,13047,"United Kingdom",2010-12-01,08:34:00
536369,21756,"Bath building block word",3,5.95,13047,"United Kingdom",2010-12-01,08:35:00
536370,10002,"Inflatable political globe ",48,0.85,12583,France,2010-12-01,08:45:00
536370,21035,"Set/2 red retrospot tea towels ",18,2.95,12583,France,2010-12-01,08:45:00
536370,21724,"Panda and bunnies sticker sheet",12,0.85,12583,France,2010-12-01,08:45:00
536370,21731,"Red toadstool led night light",24,1.65,12583,France,2010-12-01,08:45:00
536370,21791,"Vintage heads and tails card game ",24,1.25,12583,France,2010-12-01,08:45:00
536370,21883,"Stars gift tape ",24,0.65,12583,France,2010-12-01,08:45:00
536370,21913,"Vintage seaside jigsaw puzzles",12,3.75,12583,France,2010-12-01,08:45:00
536370,22326,"Round snack boxes set of4 woodland ",24,2.95,12583,France,2010-12-01,08:45:00
536370,22492,"Mini paint set vintage ",36,0.65,12583,France,2010-12-01,08:45:00
536370,22540,"Mini jigsaw circus parade ",24,0.42,12583,France,2010-12-01,08:45:00
536370,22544,"Mini jigsaw spaceboy",24,0.42,12583,France,2010-12-01,08:45:00
536370,22629,"Spaceboy lunch box ",24,1.95,12583,France,2010-12-01,08:45:00
536370,22631,"Circus parade lunch box ",24,1.95,12583,France,2010-12-01,08:45:00
536370,22659,"Lunch box i love london",24,1.95,12583,France,2010-12-01,08:45:00
536370,22661,"Charlotte bag dolly girl design",20,0.85,12583,France,2010-12-01,08:45:00
536370,22726,"Alarm clock bakelike green",12,3.75,12583,France,2010-12-01,08:45:00
536370,22727,"Alarm clock bakelike red ",24,3.75,12583,France,2010-12-01,08:45:00
536370,22728,"Alarm clock bakelike pink",24,3.75,12583,France,2010-12-01,08:45:00
536370,22900," set 2 tea towels i love london ",24,2.95,12583,France,2010-12-01,08:45:00
536370,POST,Postage,3,18.00,12583,France,2010-12-01,08:45:00
536371,22086,"Paper chain kit 50's christmas ",80,2.55,13748,"United Kingdom",2010-12-01,09:00:00
536372,22632,"Hand warmer red polka dot",6,1.85,17850,"United Kingdom",2010-12-01,09:01:00
536372,22633,"Hand warmer union jack",6,1.85,17850,"United Kingdom",2010-12-01,09:01:00
536373,20679,"Edwardian parasol red",6,4.95,17850,"United Kingdom",2010-12-01,09:02:00
536373,21068,"Vintage billboard love/hate mug",6,1.06,17850,"United Kingdom",2010-12-01,09:02:00
536373,21071,"Vintage billboard drink me mug",6,1.06,17850,"United Kingdom",2010-12-01,09:02:00
536373,21730,"Glass star frosted t-light holder",6,4.25,17850,"United Kingdom",2010-12-01,09:02:00
536373,21871,"Save the planet mug",6,1.06,17850,"United Kingdom",2010-12-01,09:02:00
536373,22752,"Set 7 babushka nesting boxes",2,7.65,17850,"United Kingdom",2010-12-01,09:02:00
536373,37370,"Retro coffee mugs assorted",6,1.06,17850,"United Kingdom",2010-12-01,09:02:00
536373,71053,"White metal lantern",6,3.39,17850,"United Kingdom",2010-12-01,09:02:00
536373,82482,"Wooden picture frame white finish",6,2.10,17850,"United Kingdom",2010-12-01,09:02:00
536373,82483,"Wood 2 drawer cabinet white finish",2,4.95,17850,"United Kingdom",2010-12-01,09:02:00
536373,82486,"Wood s/3 cabinet ant white finish",4,6.95,17850,"United Kingdom",2010-12-01,09:02:00
536373,82494L,"Wooden frame antique white ",6,2.55,17850,"United Kingdom",2010-12-01,09:02:00
536373,84029E,"Red woolly hottie white heart.",6,3.39,17850,"United Kingdom",2010-12-01,09:02:00
536373,84029G,"Knitted union flag hot water bottle",6,3.39,17850,"United Kingdom",2010-12-01,09:02:00
536373,84406B,"Cream cupid hearts coat hanger",8,2.75,17850,"United Kingdom",2010-12-01,09:02:00
536373,85123A,"White hanging heart t-light holder",6,2.55,17850,"United Kingdom",2010-12-01,09:02:00
536374,21258,"Victorian sewing box large",32,10.95,15100,"United Kingdom",2010-12-01,09:09:00
536375,20679,"Edwardian parasol red",6,4.95,17850,"United Kingdom",2010-12-01,09:32:00
536375,21068,"Vintage billboard love/hate mug",6,1.06,17850,"United Kingdom",2010-12-01,09:32:00
536375,21071,"Vintage billboard drink me mug",6,1.06,17850,"United Kingdom",2010-12-01,09:32:00
536375,21730,"Glass star frosted t-light holder",6,4.25,17850,"United Kingdom",2010-12-01,09:32:00
536375,21871,"Save the planet mug",6,1.06,17850,"United Kingdom",2010-12-01,09:32:00
536375,22752,"Set 7 babushka nesting boxes",2,7.65,17850,"United Kingdom",2010-12-01,09:32:00
536375,37370,"Retro coffee mugs assorted",6,1.06,17850,"United Kingdom",2010-12-01,09:32:00
536375,71053,"White metal lantern",6,3.39,17850,"United Kingdom",2010-12-01,09:32:00
536375,82482,"Wooden picture frame white finish",6,2.10,17850,"United Kingdom",2010-12-01,09:32:00
536375,82483,"Wood 2 drawer cabinet white finish",2,4.95,17850,"United Kingdom",2010-12-01,09:32:00
536375,82486,"Wood s/3 cabinet ant white finish",4,6.95,17850,"United Kingdom",2010-12-01,09:32:00
536375,82494L,"Wooden frame antique white ",6,2.55,17850,"United Kingdom",2010-12-01,09:32:00
536375,84029E,"Red woolly hottie white heart.",6,3.39,17850,"United Kingdom",2010-12-01,09:32:00
536375,84029G,"Knitted union flag hot water bottle",6,3.39,17850,"United Kingdom",2010-12-01,09:32:00
536375,84406B,"Cream cupid hearts coat hanger",8,2.75,17850,"United Kingdom",2010-12-01,09:32:00
536375,85123A,"White hanging heart t-light holder",6,2.55,17850,"United Kingdom",2010-12-01,09:32:00
536376,21733,"Red hanging heart t-light holder",64,2.55,15291,"United Kingdom",2010-12-01,09:32:00
536376,22114,"Hot water bottle tea and sympathy",48,3.45,15291,"United Kingdom",2010-12-01,09:32:00
536377,22632,"Hand warmer red polka dot",6,1.85,17850,"United Kingdom",2010-12-01,09:34:00
536377,22633,"Hand warmer union jack",6,1.85,17850,"United Kingdom",2010-12-01,09:34:00
536378,20723,"Strawberry charlotte bag",10,0.85,14688,"United Kingdom",2010-12-01,09:37:00
536378,20725,"Lunch bag red retrospot",10,1.65,14688,"United Kingdom",2010-12-01,09:37:00
536378,21033,"Jumbo bag charlie and lola toys",10,2.95,14688,"United Kingdom",2010-12-01,09:37:00
536378,21094,"Set/6 red spotty paper plates",12,0.85,14688,"United Kingdom",2010-12-01,09:37:00
536378,21212,"Pack of 72 retrospot cake cases",120,0.42,14688,"United Kingdom",2010-12-01,09:37:00
536378,21559,"Strawberry lunch box with cutlery",6,2.55,14688,"United Kingdom",2010-12-01,09:37:00
536378,21929,"Jumbo bag pink vintage paisley",10,1.95,14688,"United Kingdom",2010-12-01,09:37:00
536378,21931,"Jumbo storage bag suki",10,1.95,14688,"United Kingdom",2010-12-01,09:37:00
536378,21975,"Pack of 60 dinosaur cake cases",24,0.55,14688,"United Kingdom",2010-12-01,09:37:00
536378,21977,"Pack of 60 pink paisley cake cases",24,0.55,14688,"United Kingdom",2010-12-01,09:37:00
536378,22352,"Lunch box with cutlery retrospot ",6,2.55,14688,"United Kingdom",2010-12-01,09:37:00
536378,22386,"Jumbo bag pink polkadot",10,1.95,14688,"United Kingdom",2010-12-01,09:37:00
536378,84519A,"Tomato charlie+lola coaster set",6,2.95,14688,"United Kingdom",2010-12-01,09:37:00
536378,84991,"60 teatime fairy cake cases",24,0.55,14688,"United Kingdom",2010-12-01,09:37:00
536378,84997B,"Red 3 piece retrospot cutlery set",12,3.75,14688,"United Kingdom",2010-12-01,09:37:00
536378,84997C,"Blue 3 piece polkadot cutlery set",6,3.75,14688,"United Kingdom",2010-12-01,09:37:00
536378,85071B,"Red charlie+lola personal doorsign",96,0.38,14688,"United Kingdom",2010-12-01,09:37:00
536378,85099C,"Jumbo  bag baroque black white",10,1.95,14688,"United Kingdom",2010-12-01,09:37:00
536378,85183B,"Charlie & lola wastepaper bin flora",48,1.25,14688,"United Kingdom",2010-12-01,09:37:00
536380,22961,"Jam making set printed",24,1.45,17809,"United Kingdom",2010-12-01,09:41:00
536381,15056BL,"Edwardian parasol black",2,5.95,15311,"United Kingdom",2010-12-01,09:41:00
536381,15056N,"Edwardian parasol natural",2,5.95,15311,"United Kingdom",2010-12-01,09:41:00
536381,21166,"Cook with wine metal sign ",1,1.95,15311,"United Kingdom",2010-12-01,09:41:00
536381,21169,"You're confusing me metal sign ",3,1.69,15311,"United Kingdom",2010-12-01,09:41:00
536381,21175,"Gin + tonic diet metal sign",2,2.10,15311,"United Kingdom",2010-12-01,09:41:00
536381,21523,"Doormat fancy font home sweet home",10,6.75,15311,"United Kingdom",2010-12-01,09:41:00
536381,21533,"Retrospot large milk jug",1,4.95,15311,"United Kingdom",2010-12-01,09:41:00
536381,21557,"Set of 6 funky beakers",2,2.95,15311,"United Kingdom",2010-12-01,09:41:00
536381,21672,"White spot red ceramic drawer knob",6,1.25,15311,"United Kingdom",2010-12-01,09:41:00
536381,21731,"Red toadstool led night light",2,1.65,15311,"United Kingdom",2010-12-01,09:41:00
536381,21934,"Skull shoulder bag",10,1.65,15311,"United Kingdom",2010-12-01,09:41:00
536381,22083,"Paper chain kit retrospot",1,2.95,15311,"United Kingdom",2010-12-01,09:41:00
536381,22086,"Paper chain kit 50's christmas ",4,2.95,15311,"United Kingdom",2010-12-01,09:41:00
536381,22139,"Retrospot tea set ceramic 11 pc ",23,4.25,15311,"United Kingdom",2010-12-01,09:41:00
536381,22176,"Blue owl soft toy",1,2.95,15311,"United Kingdom",2010-12-01,09:41:00
536381,22261,"Felt egg cosy white rabbit ",1,0.85,15311,"United Kingdom",2010-12-01,09:41:00
536381,22262,"Felt egg cosy chicken",1,0.85,15311,"United Kingdom",2010-12-01,09:41:00
536381,22411,"Jumbo shopper vintage red paisley",10,1.95,15311,"United Kingdom",2010-12-01,09:41:00
536381,22438,"Balloon art make your own flowers",1,1.95,15311,"United Kingdom",2010-12-01,09:41:00
536381,22637,"Piggy bank retrospot ",1,2.55,15311,"United Kingdom",2010-12-01,09:41:00
536381,22644,"Ceramic cherry cake money bank",1,1.45,15311,"United Kingdom",2010-12-01,09:41:00
536381,22646,"Ceramic strawberry cake money bank",4,1.45,15311,"United Kingdom",2010-12-01,09:41:00
536381,22719,"Gumball monochrome coat rack",36,1.06,15311,"United Kingdom",2010-12-01,09:41:00
536381,22771,"Clear drawer knob acrylic edwardian",24,1.25,15311,"United Kingdom",2010-12-01,09:41:00
536381,22774,"Red drawer knob acrylic edwardian",24,1.25,15311,"United Kingdom",2010-12-01,09:41:00
536381,22778,"Glass cloche small",3,3.95,15311,"United Kingdom",2010-12-01,09:41:00
536381,37444A,"Yellow breakfast cup and saucer",1,2.95,15311,"United Kingdom",2010-12-01,09:41:00
536381,37444C,"Pink breakfast cup and saucer ",1,2.95,15311,"United Kingdom",2010-12-01,09:41:00
536381,47580,"Tea time des tea cosy",2,2.55,15311,"United Kingdom",2010-12-01,09:41:00
536381,71270,"Photo clip line",1,1.25,15311,"United Kingdom",2010-12-01,09:41:00
536381,71270,"Photo clip line",3,1.25,15311,"United Kingdom",2010-12-01,09:41:00
536381,82567,"Airline lounge,metal sign",2,2.10,15311,"United Kingdom",2010-12-01,09:41:00
536381,84832,"Zinc willie winkie  candle stick",1,0.85,15311,"United Kingdom",2010-12-01,09:41:00
536381,84854,"Girly pink tool set",5,4.95,15311,"United Kingdom",2010-12-01,09:41:00
536381,84971S,"Small heart flowers hook ",6,0.85,15311,"United Kingdom",2010-12-01,09:41:00
536382,10002,"Inflatable political globe ",12,0.85,16098,"United Kingdom",2010-12-01,09:45:00
536382,21832,"Chocolate calculator",12,1.65,16098,"United Kingdom",2010-12-01,09:45:00
536382,21912,"Vintage snakes & ladders",8,3.75,16098,"United Kingdom",2010-12-01,09:45:00
536382,22379,"Recycling bag retrospot ",10,2.10,16098,"United Kingdom",2010-12-01,09:45:00
536382,22381,"Toy tidy pink polkadot",50,1.85,16098,"United Kingdom",2010-12-01,09:45:00
536382,22411,"Jumbo shopper vintage red paisley",10,1.95,16098,"United Kingdom",2010-12-01,09:45:00
536382,22726,"Alarm clock bakelike green",4,3.75,16098,"United Kingdom",2010-12-01,09:45:00
536382,22783,"Set 3 wicker oval baskets w lids",4,16.95,16098,"United Kingdom",2010-12-01,09:45:00
536382,22798,"Antique glass dressing table pot",8,2.95,16098,"United Kingdom",2010-12-01,09:45:00
536382,22838,"3 tier cake tin red and cream",2,14.95,16098,"United Kingdom",2010-12-01,09:45:00
536382,22839,"3 tier cake tin green and cream",2,14.95,16098,"United Kingdom",2010-12-01,09:45:00
536382,22926,"Ivory giant garden thermometer",12,5.95,16098,"United Kingdom",2010-12-01,09:45:00
536384,21324,"Hanging medina lantern small",6,2.95,18074,"United Kingdom",2010-12-01,09:53:00
536384,21340,"Classic metal birdcage plant holder",2,12.75,18074,"United Kingdom",2010-12-01,09:53:00
536384,22189,"Cream heart card holder",4,3.95,18074,"United Kingdom",2010-12-01,09:53:00
536384,22224,"White lovebird lantern",6,2.95,18074,"United Kingdom",2010-12-01,09:53:00
536384,22424,"Enamel bread bin cream",8,10.95,18074,"United Kingdom",2010-12-01,09:53:00
536384,22427,"Enamel flower jug cream",3,5.95,18074,"United Kingdom",2010-12-01,09:53:00
536384,22428,"Enamel fire bucket cream",6,6.95,18074,"United Kingdom",2010-12-01,09:53:00
536384,22457,"Natural slate heart chalkboard ",12,2.95,18074,"United Kingdom",2010-12-01,09:53:00
536384,22464,"Hanging metal heart lantern",12,1.65,18074,"United Kingdom",2010-12-01,09:53:00
536384,22469,"Heart of wicker small",40,1.45,18074,"United Kingdom",2010-12-01,09:53:00
536384,22470,"Heart of wicker large",40,2.55,18074,"United Kingdom",2010-12-01,09:53:00
536384,82484,"Wood black board ant white finish",3,6.45,18074,"United Kingdom",2010-12-01,09:53:00
536384,84755,"Colour glass t-light holder hanging",48,0.65,18074,"United Kingdom",2010-12-01,09:53:00
536385,22168,"Organiser wood antique white ",2,8.50,17420,"United Kingdom",2010-12-01,09:56:00
536385,22662,"Lunch bag dolly girl design",10,1.65,17420,"United Kingdom",2010-12-01,09:56:00
536385,22663,"Jumbo bag dolly girl design",10,1.95,17420,"United Kingdom",2010-12-01,09:56:00
536385,22783,"Set 3 wicker oval baskets w lids",1,19.95,17420,"United Kingdom",2010-12-01,09:56:00
536385,22960,"Jam making set with jars",6,4.25,17420,"United Kingdom",2010-12-01,09:56:00
536385,22961,"Jam making set printed",12,1.45,17420,"United Kingdom",2010-12-01,09:56:00
536385,85049A,"Traditional christmas ribbons",12,1.25,17420,"United Kingdom",2010-12-01,09:56:00
536386,84880,"White wire egg holder",36,4.95,16029,"United Kingdom",2010-12-01,09:57:00
536386,85099B,"Jumbo bag red retrospot",100,1.65,16029,"United Kingdom",2010-12-01,09:57:00
536386,85099C,"Jumbo  bag baroque black white",100,1.65,16029,"United Kingdom",2010-12-01,09:57:00
536387,21731,"Red toadstool led night light",432,1.25,16029,"United Kingdom",2010-12-01,09:58:00
536387,22466,"Fairy tale cottage nightlight",432,1.45,16029,"United Kingdom",2010-12-01,09:58:00
536387,22779,"Wooden owls light garland ",192,3.37,16029,"United Kingdom",2010-12-01,09:58:00
536387,22780,"Light garland butterfiles pink",192,3.37,16029,"United Kingdom",2010-12-01,09:58:00
536387,79321,"Chilli lights",192,3.82,16029,"United Kingdom",2010-12-01,09:58:00
536388,21115,"Rose caravan doorstop",4,6.75,16250,"United Kingdom",2010-12-01,09:59:00
536388,21363,"Home small wood letters",3,4.95,16250,"United Kingdom",2010-12-01,09:59:00
536388,21411,"Gingham heart  doorstop red",3,4.25,16250,"United Kingdom",2010-12-01,09:59:00
536388,21523,"Doormat fancy font home sweet home",2,7.95,16250,"United Kingdom",2010-12-01,09:59:00
536388,21754,"Home building block word",3,5.95,16250,"United Kingdom",2010-12-01,09:59:00
536388,21755,"Love building block word",3,5.95,16250,"United Kingdom",2010-12-01,09:59:00
536388,22242,"5 hook hanger magic toadstool",12,1.65,16250,"United Kingdom",2010-12-01,09:59:00
536388,22318,"Five heart hanging decoration",6,2.95,16250,"United Kingdom",2010-12-01,09:59:00
536388,22464,"Hanging metal heart lantern",12,1.65,16250,"United Kingdom",2010-12-01,09:59:00
536388,22469,"Heart of wicker small",12,1.65,16250,"United Kingdom",2010-12-01,09:59:00
536388,22915,"Assorted bottle top  magnets ",12,0.42,16250,"United Kingdom",2010-12-01,09:59:00
536388,22922,"Fridge magnets us diner assorted",12,0.85,16250,"United Kingdom",2010-12-01,09:59:00
536388,22923,"Fridge magnets les enfants assorted",12,0.85,16250,"United Kingdom",2010-12-01,09:59:00
536388,22969,"Homemade jam scented candles",12,1.45,16250,"United Kingdom",2010-12-01,09:59:00
536389,21622,"Vintage union jack cushion cover",8,4.95,12431,Australia,2010-12-01,10:03:00
536389,21791,"Vintage heads and tails card game ",12,1.25,12431,Australia,2010-12-01,10:03:00
536389,22191,"Ivory diner wall clock",2,8.50,12431,Australia,2010-12-01,10:03:00
536389,22192,"Blue diner wall clock",2,8.50,12431,Australia,2010-12-01,10:03:00
536389,22193,"Red diner wall clock",2,8.50,12431,Australia,2010-12-01,10:03:00
536389,22195,"Large heart measuring spoons",24,1.65,12431,Australia,2010-12-01,10:03:00
536389,22196,"Small heart measuring spoons",24,0.85,12431,Australia,2010-12-01,10:03:00
536389,22726,"Alarm clock bakelike green",4,3.75,12431,Australia,2010-12-01,10:03:00
536389,22727,"Alarm clock bakelike red ",4,3.75,12431,Australia,2010-12-01,10:03:00
536389,22941,"Christmas lights 10 reindeer",6,8.50,12431,Australia,2010-12-01,10:03:00
536389,35004C,"Set of 3 coloured  flying ducks",6,5.45,12431,Australia,2010-12-01,10:03:00
536389,35004G,"Set of 3 gold flying ducks",4,6.35,12431,Australia,2010-12-01,10:03:00
536389,85014A,"Black/blue polkadot umbrella",3,5.95,12431,Australia,2010-12-01,10:03:00
536389,85014B,"Red retrospot umbrella",6,5.95,12431,Australia,2010-12-01,10:03:00
536390,20668,"Disco ball christmas decoration",288,0.10,17511,"United Kingdom",2010-12-01,10:19:00
536390,21080,"Set/20 red retrospot paper napkins ",96,0.64,17511,"United Kingdom",2010-12-01,10:19:00
536390,21086,"Set/6 red spotty paper cups",48,0.65,17511,"United Kingdom",2010-12-01,10:19:00
536390,21094,"Set/6 red spotty paper plates",96,0.64,17511,"United Kingdom",2010-12-01,10:19:00
536390,21485,"Retrospot heart hot water bottle",24,4.25,17511,"United Kingdom",2010-12-01,10:19:00
536390,21533,"Retrospot large milk jug",12,4.25,17511,"United Kingdom",2010-12-01,10:19:00
536390,21786,"Polkadot rain hat ",144,0.32,17511,"United Kingdom",2010-12-01,10:19:00
536390,22174,"Photo cube",48,1.48,17511,"United Kingdom",2010-12-01,10:19:00
536390,22197,"Small popcorn holder",100,0.72,17511,"United Kingdom",2010-12-01,10:19:00
536390,22198,"Large popcorn holder ",50,1.45,17511,"United Kingdom",2010-12-01,10:19:00
536390,22654,"Deluxe sewing kit ",40,4.95,17511,"United Kingdom",2010-12-01,10:19:00
536390,22910,"Paper chain kit vintage christmas",40,2.55,17511,"United Kingdom",2010-12-01,10:19:00
536390,22941,"Christmas lights 10 reindeer",2,8.50,17511,"United Kingdom",2010-12-01,10:19:00
536390,22960,"Jam making set with jars",12,3.75,17511,"United Kingdom",2010-12-01,10:19:00
536390,22961,"Jam making set printed",12,1.45,17511,"United Kingdom",2010-12-01,10:19:00
536390,22962,"Jam jar with pink lid",48,0.72,17511,"United Kingdom",2010-12-01,10:19:00
536390,22963,"Jam jar with green lid",48,0.72,17511,"United Kingdom",2010-12-01,10:19:00
536390,22968,"Rose cottage keepsake box ",8,8.50,17511,"United Kingdom",2010-12-01,10:19:00
536390,22969,"Homemade jam scented candles",96,1.25,17511,"United Kingdom",2010-12-01,10:19:00
536390,84029G,"Knitted union flag hot water bottle",24,3.39,17511,"United Kingdom",2010-12-01,10:19:00
536390,84030E,"English rose hot water bottle",24,3.75,17511,"United Kingdom",2010-12-01,10:19:00
536390,84970S,"Hanging heart zinc t-light holder",144,0.64,17511,"United Kingdom",2010-12-01,10:19:00
536390,85099B,"Jumbo bag red retrospot",100,1.65,17511,"United Kingdom",2010-12-01,10:19:00
536390,85123A,"White hanging heart t-light holder",64,2.55,17511,"United Kingdom",2010-12-01,10:19:00
536392,21889,"Wooden box of dominoes",12,1.25,13705,"United Kingdom",2010-12-01,10:29:00
536392,21891,"Traditional wooden skipping rope",12,1.25,13705,"United Kingdom",2010-12-01,10:29:00
536392,22127,"Party cones carnival assorted",12,1.25,13705,"United Kingdom",2010-12-01,10:29:00
536392,22128,"Party cones candy assorted",12,1.25,13705,"United Kingdom",2010-12-01,10:29:00
536392,22150,"3 stripey mice feltcraft",6,1.95,13705,"United Kingdom",2010-12-01,10:29:00
536392,22338,"Star decoration painted zinc ",24,0.65,13705,"United Kingdom",2010-12-01,10:29:00
536392,22502,"Picnic basket wicker small",4,5.95,13705,"United Kingdom",2010-12-01,10:29:00
536392,22619,"Set of 6 soldier skittles",4,3.75,13705,"United Kingdom",2010-12-01,10:29:00
536392,22827,"Rustic  seventeen drawer sideboard",1,165.00,13705,"United Kingdom",2010-12-01,10:29:00
536392,84879,"Assorted colour bird ornament",16,1.69,13705,"United Kingdom",2010-12-01,10:29:00
536393,22180,"Retrospot lamp",8,9.95,13747,"United Kingdom",2010-12-01,10:37:00
536394,21485,"Retrospot heart hot water bottle",12,4.95,13408,"United Kingdom",2010-12-01,10:39:00
536394,21506,"Fancy font birthday card, ",24,0.42,13408,"United Kingdom",2010-12-01,10:39:00
536394,22349,"Dog bowl chasing ball design",12,3.75,13408,"United Kingdom",2010-12-01,10:39:00
536394,22558,"Clothes pegs retrospot pack 24 ",48,1.25,13408,"United Kingdom",2010-12-01,10:39:00
536394,22632,"Hand warmer red retrospot",96,1.85,13408,"United Kingdom",2010-12-01,10:39:00
536394,22633,"Hand warmer union jack",96,1.85,13408,"United Kingdom",2010-12-01,10:39:00
536394,22652,"Travel sewing kit",20,1.65,13408,"United Kingdom",2010-12-01,10:39:00
536394,22865,"Hand warmer owl design",96,1.85,13408,"United Kingdom",2010-12-01,10:39:00
536394,22866,"Hand warmer scotty dog design",96,1.85,13408,"United Kingdom",2010-12-01,10:39:00
536394,85123A,"White hanging heart t-light holder",32,2.55,13408,"United Kingdom",2010-12-01,10:39:00
536394,85152,"Hand over the chocolate   sign ",12,2.10,13408,"United Kingdom",2010-12-01,10:39:00
536395,21212,"Pack of 72 retrospot cake cases",24,0.55,13767,"United Kingdom",2010-12-01,10:47:00
536395,21314,"Small glass heart trinket pot",8,2.10,13767,"United Kingdom",2010-12-01,10:47:00
536395,21484,"Chick grey hot water bottle",8,3.45,13767,"United Kingdom",2010-12-01,10:47:00
536395,21977,"Pack of 60 pink paisley cake cases",24,0.55,13767,"United Kingdom",2010-12-01,10:47:00
536395,22114,"Hot water bottle tea and sympathy",8,3.95,13767,"United Kingdom",2010-12-01,10:47:00
536395,22188,"Black heart card holder",8,3.95,13767,"United Kingdom",2010-12-01,10:47:00
536395,22726,"Alarm clock bakelike green",8,3.75,13767,"United Kingdom",2010-12-01,10:47:00
536395,22727,"Alarm clock bakelike red ",8,3.75,13767,"United Kingdom",2010-12-01,10:47:00
536395,22729,"Alarm clock bakelike orange",8,3.75,13767,"United Kingdom",2010-12-01,10:47:00
536395,22730,"Alarm clock bakelike ivory",4,3.75,13767,"United Kingdom",2010-12-01,10:47:00
536395,22866,"Hand warmer scotty dog design",48,2.10,13767,"United Kingdom",2010-12-01,10:47:00
536395,22867,"Hand warmer bird design",48,2.10,13767,"United Kingdom",2010-12-01,10:47:00
536395,84879,"Assorted colour bird ornament",32,1.69,13767,"United Kingdom",2010-12-01,10:47:00
536395,84991,"60 teatime fairy cake cases",24,0.55,13767,"United Kingdom",2010-12-01,10:47:00
536396,15056BL,"Edwardian parasol black",6,4.95,17850,"United Kingdom",2010-12-01,10:51:00
536396,20679,"Edwardian parasol red",6,4.95,17850,"United Kingdom",2010-12-01,10:51:00
536396,21068,"Vintage billboard love/hate mug",6,1.06,17850,"United Kingdom",2010-12-01,10:51:00
536396,21071,"Vintage billboard drink me mug",6,1.06,17850,"United Kingdom",2010-12-01,10:51:00
536396,21730,"Glass star frosted t-light holder",6,4.25,17850,"United Kingdom",2010-12-01,10:51:00
536396,21871,"Save the planet mug",6,1.06,17850,"United Kingdom",2010-12-01,10:51:00
536396,22752,"Set 7 babushka nesting boxes",2,7.65,17850,"United Kingdom",2010-12-01,10:51:00
536396,22803,"Ivory embroidered quilt ",2,35.75,17850,"United Kingdom",2010-12-01,10:51:00
536396,37370,"Retro coffee mugs assorted",6,1.06,17850,"United Kingdom",2010-12-01,10:51:00
536396,71053,"White metal lantern",6,3.39,17850,"United Kingdom",2010-12-01,10:51:00
536396,82482,"Wooden picture frame white finish",6,2.10,17850,"United Kingdom",2010-12-01,10:51:00
536396,82483,"Wood 2 drawer cabinet white finish",2,4.95,17850,"United Kingdom",2010-12-01,10:51:00
536396,82486,"Wood s/3 cabinet ant white finish",4,6.95,17850,"United Kingdom",2010-12-01,10:51:00
536396,82494L,"Wooden frame antique white ",12,2.55,17850,"United Kingdom",2010-12-01,10:51:00
536396,84029E,"Red woolly hottie white heart.",6,3.39,17850,"United Kingdom",2010-12-01,10:51:00
536396,84029G,"Knitted union flag hot water bottle",6,3.39,17850,"United Kingdom",2010-12-01,10:51:00
536396,84406B,"Cream cupid hearts coat hanger",8,2.75,17850,"United Kingdom",2010-12-01,10:51:00
536396,85123A,"White hanging heart t-light holder",6,2.55,17850,"United Kingdom",2010-12-01,10:51:00
536397,35004B,"Set of 3 black flying ducks",12,4.65,17924,"United Kingdom",2010-12-01,10:51:00
536397,35004C,"Set of 3 coloured  flying ducks",48,4.65,17924,"United Kingdom",2010-12-01,10:51:00
536398,21232,"Strawberry ceramic trinket box",12,1.25,13448,"United Kingdom",2010-12-01,10:52:00
536398,21479,"White skull hot water bottle ",4,3.75,13448,"United Kingdom",2010-12-01,10:52:00
536398,21844,"Red retrospot mug",6,2.95,13448,"United Kingdom",2010-12-01,10:52:00
536398,21980,"Pack of 12 red retrospot tissues ",24,0.29,13448,"United Kingdom",2010-12-01,10:52:00
536398,22064,"Pink doughnut trinket pot ",12,1.65,13448,"United Kingdom",2010-12-01,10:52:00
536398,22111,"Scottie dog hot water bottle",9,4.95,13448,"United Kingdom",2010-12-01,10:52:00
536398,22112,"Chocolate hot water bottle",9,4.95,13448,"United Kingdom",2010-12-01,10:52:00
536398,22114,"Hot water bottle tea and sympathy",4,3.95,13448,"United Kingdom",2010-12-01,10:52:00
536398,22449,"Silk purse babushka pink",6,3.35,13448,"United Kingdom",2010-12-01,10:52:00
536398,22468,"Babushka lights string of 10",4,6.75,13448,"United Kingdom",2010-12-01,10:52:00
536398,22632,"Hand warmer red retrospot",12,2.10,13448,"United Kingdom",2010-12-01,10:52:00
536398,22637,"Piggy bank retrospot ",8,2.55,13448,"United Kingdom",2010-12-01,10:52:00
536398,22752,"Set 7 babushka nesting boxes",6,8.50,13448,"United Kingdom",2010-12-01,10:52:00
536398,22835,"Hot water bottle i am so poorly",8,4.65,13448,"United Kingdom",2010-12-01,10:52:00
536398,22865,"Hand warmer owl design",12,2.10,13448,"United Kingdom",2010-12-01,10:52:00
536398,22866,"Hand warmer scotty dog design",12,2.10,13448,"United Kingdom",2010-12-01,10:52:00
536398,48185,"Doormat fairy cake",2,7.95,13448,"United Kingdom",2010-12-01,10:52:00
536399,22632,"Hand warmer red polka dot",6,1.85,17850,"United Kingdom",2010-12-01,10:52:00
536399,22633,"Hand warmer union jack",6,1.85,17850,"United Kingdom",2010-12-01,10:52:00
536400,22969,"Homemade jam scented candles",12,1.45,13448,"United Kingdom",2010-12-01,10:53:00
536401,17091A,"Lavender incense in tin",1,1.25,15862,"United Kingdom",2010-12-01,11:21:00
536401,20725,"Lunch bag red retrospot",1,1.65,15862,"United Kingdom",2010-12-01,11:21:00
536401,20726,"Lunch bag woodland",1,1.65,15862,"United Kingdom",2010-12-01,11:21:00
536401,20749,"Assorted colour mini cases",1,7.95,15862,"United Kingdom",2010-12-01,11:21:00
536401,20820,"Silver looking mirror",3,4.95,15862,"United Kingdom",2010-12-01,11:21:00
536401,20961,"Strawberry bath sponge ",1,1.25,15862,"United Kingdom",2010-12-01,11:21:00
536401,20963,"Apple bath sponge",1,1.25,15862,"United Kingdom",2010-12-01,11:21:00
536401,20966,"Sandwich bath sponge",3,1.25,15862,"United Kingdom",2010-12-01,11:21:00
536401,20992,"Jazz hearts purse notebook",9,0.85,15862,"United Kingdom",2010-12-01,11:21:00
536401,21033,"Jumbo bag charlie and lola toys",4,2.95,15862,"United Kingdom",2010-12-01,11:21:00
536401,21108,"Fairy cake flannel assorted colour",9,2.55,15862,"United Kingdom",2010-12-01,11:21:00
536401,21122,"Set/10 pink polkadot party candles",1,1.25,15862,"United Kingdom",2010-12-01,11:21:00
536401,21169,"You're confusing me metal sign ",2,1.69,15862,"United Kingdom",2010-12-01,11:21:00
536401,21328,"Balloons  writing set ",1,1.65,15862,"United Kingdom",2010-12-01,11:21:00
536401,21463,"Mirrored disco ball ",1,5.95,15862,"United Kingdom",2010-12-01,11:21:00
536401,21464,"Disco ball rotator battery operated",1,4.25,15862,"United Kingdom",2010-12-01,11:21:00
536401,21587,"Cosy hour giant tube matches",2,2.55,15862,"United Kingdom",2010-12-01,11:21:00
536401,21592,"Retrospot cigar box matches ",1,1.25,15862,"United Kingdom",2010-12-01,11:21:00
536401,21743,"Star portable table light ",2,2.95,15862,"United Kingdom",2010-12-01,11:21:00
536401,21744,"Snowflake portable table light ",2,2.95,15862,"United Kingdom",2010-12-01,11:21:00
536401,21907,"I'm on holiday metal sign",2,2.10,15862,"United Kingdom",2010-12-01,11:21:00
536401,22068,"Black pirate treasure chest",2,1.65,15862,"United Kingdom",2010-12-01,11:21:00
536401,22098,"Boudoir square tissue box",1,1.25,15862,"United Kingdom",2010-12-01,11:21:00
536401,22100,"Skulls square tissue box",2,1.25,15862,"United Kingdom",2010-12-01,11:21:00
536401,22110,"Bird house hot water bottle",1,2.55,15862,"United Kingdom",2010-12-01,11:21:00
536401,22117,"Metal sign her dinner is served ",1,2.95,15862,"United Kingdom",2010-12-01,11:21:00
536401,22382,"Lunch bag spaceboy design ",2,1.65,15862,"United Kingdom",2010-12-01,11:21:00
536401,22384,"Lunch bag pink polkadot",1,1.65,15862,"United Kingdom",2010-12-01,11:21:00
536401,22413,"Metal sign take it or leave it ",4,2.95,15862,"United Kingdom",2010-12-01,11:21:00
536401,22428,"Enamel fire bucket cream",2,6.95,15862,"United Kingdom",2010-12-01,11:21:00
536401,22435,"Set of 9 heart shaped balloons",2,1.25,15862,"United Kingdom",2010-12-01,11:21:00
536401,22441,"Grow your own basil in enamel mug",1,2.10,15862,"United Kingdom",2010-12-01,11:21:00
536401,22451,"Silk purse babushka red",1,3.35,15862,"United Kingdom",2010-12-01,11:21:00
536401,22467,"Gumball coat rack",5,2.55,15862,"United Kingdom",2010-12-01,11:21:00
536401,22473,"Tv dinner tray vintage paisley",1,4.95,15862,"United Kingdom",2010-12-01,11:21:00
536401,22502,"Picnic basket wicker small",2,5.95,15862,"United Kingdom",2010-12-01,11:21:00
536401,22549,"Picture dominoes",1,1.45,15862,"United Kingdom",2010-12-01,11:21:00
536401,22662,"Lunch bag dolly girl design",1,1.65,15862,"United Kingdom",2010-12-01,11:21:00
536401,22766,"Photo frame cornice",1,2.95,15862,"United Kingdom",2010-12-01,11:21:00
536401,22767,"Triple photo frame cornice ",2,9.95,15862,"United Kingdom",2010-12-01,11:21:00
536401,22768,"Family photo frame cornice",1,9.95,15862,"United Kingdom",2010-12-01,11:21:00
536401,22804,"Candleholder pink hanging heart",3,2.95,15862,"United Kingdom",2010-12-01,11:21:00
536401,22809,"Set of 6 t-lights santa",1,2.95,15862,"United Kingdom",2010-12-01,11:21:00
536401,22810,"Set of 6 t-lights snowmen",1,2.95,15862,"United Kingdom",2010-12-01,11:21:00
536401,22848,"Bread bin diner style pink",1,16.95,15862,"United Kingdom",2010-12-01,11:21:00
536401,22851,"Set 20 napkins fairy cakes design ",1,0.85,15862,"United Kingdom",2010-12-01,11:21:00
536401,22961,"Jam making set printed",4,1.45,15862,"United Kingdom",2010-12-01,11:21:00
536401,47570B,"Tea time table cloth",1,10.65,15862,"United Kingdom",2010-12-01,11:21:00
536401,48129,"Doormat topiary",1,7.95,15862,"United Kingdom",2010-12-01,11:21:00
536401,82483,"Wood 2 drawer cabinet white finish",1,5.95,15862,"United Kingdom",2010-12-01,11:21:00
536401,82578,"Kitchen metal sign",1,0.55,15862,"United Kingdom",2010-12-01,11:21:00
536401,82580,"Bathroom metal sign",1,0.55,15862,"United Kingdom",2010-12-01,11:21:00
536401,82581,"Toilet metal sign",2,0.55,15862,"United Kingdom",2010-12-01,11:21:00
536401,84030E,"English rose hot water bottle",1,4.25,15862,"United Kingdom",2010-12-01,11:21:00
536401,84509A,"Set of 4 english rose placemats",2,3.75,15862,"United Kingdom",2010-12-01,11:21:00
536401,84510A,"Set of 4 english rose coasters",2,1.25,15862,"United Kingdom",2010-12-01,11:21:00
536401,84625A,"Pink new baroquecandlestick candle",3,2.95,15862,"United Kingdom",2010-12-01,11:21:00
536401,84625C,"Blue new baroque candlestick candle",3,2.95,15862,"United Kingdom",2010-12-01,11:21:00
536401,84709B,"Pink oval jewelled mirror",1,5.95,15862,"United Kingdom",2010-12-01,11:21:00
536401,84744,"S/6 sew on crochet flowers",1,1.25,15862,"United Kingdom",2010-12-01,11:21:00
536401,84991,"60 teatime fairy cake cases",3,0.55,15862,"United Kingdom",2010-12-01,11:21:00
536401,85049E,"Scandinavian reds ribbons",2,1.25,15862,"United Kingdom",2010-12-01,11:21:00
536401,85123A,"White hanging heart t-light holder",4,2.95,15862,"United Kingdom",2010-12-01,11:21:00
536401,85150,"Ladies & gentlemen metal sign",1,2.55,15862,"United Kingdom",2010-12-01,11:21:00
536402,22086,"Paper chain kit 50's christmas ",40,2.55,15513,"United Kingdom",2010-12-01,11:22:00
536402,22837,"Hot water bottle babushka ",36,4.25,15513,"United Kingdom",2010-12-01,11:22:00
536402,22910,"Paper chain kit vintage christmas",40,2.55,15513,"United Kingdom",2010-12-01,11:22:00
536403,22867,"Hand warmer bird design",96,1.85,12791,Netherlands,2010-12-01,11:27:00
536403,POST,Postage,1,15.00,12791,Netherlands,2010-12-01,11:27:00
536404,20727,"Lunch bag  black skull.",10,1.65,16218,"United Kingdom",2010-12-01,11:29:00
536404,20728,"Lunch bag cars blue",10,1.65,16218,"United Kingdom",2010-12-01,11:29:00
536404,21061,"Party invites football",12,0.85,16218,"United Kingdom",2010-12-01,11:29:00
536404,21062,"Party invites spaceman",12,0.85,16218,"United Kingdom",2010-12-01,11:29:00
536404,21063,"Party invites jazz hearts",12,0.85,16218,"United Kingdom",2010-12-01,11:29:00
536404,21125,"Set 6 football celebration candles",12,1.25,16218,"United Kingdom",2010-12-01,11:29:00
536404,21126,"Set of 6 girls celebration candles",12,1.25,16218,"United Kingdom",2010-12-01,11:29:00
536404,21212,"Pack of 72 retrospot cake cases",24,0.55,16218,"United Kingdom",2010-12-01,11:29:00
536404,21213,"Pack of 72 skull cake cases",24,0.55,16218,"United Kingdom",2010-12-01,11:29:00
536404,21975,"Pack of 60 dinosaur cake cases",24,0.55,16218,"United Kingdom",2010-12-01,11:29:00
536404,22197,"Small popcorn holder",36,0.85,16218,"United Kingdom",2010-12-01,11:29:00
536404,22296,"Heart ivory trellis large",24,1.65,16218,"United Kingdom",2010-12-01,11:29:00
536404,22297,"Heart ivory trellis small",24,1.25,16218,"United Kingdom",2010-12-01,11:29:00
536404,22383,"Lunch bag suki  design ",10,1.65,16218,"United Kingdom",2010-12-01,11:29:00
536404,22417,"Pack of 60 spaceboy cake cases",24,0.55,16218,"United Kingdom",2010-12-01,11:29:00
536404,22469,"Heart of wicker small",12,1.65,16218,"United Kingdom",2010-12-01,11:29:00
536404,22771,"Clear drawer knob acrylic edwardian",12,1.25,16218,"United Kingdom",2010-12-01,11:29:00
536404,22772,"Pink drawer knob acrylic edwardian",12,1.25,16218,"United Kingdom",2010-12-01,11:29:00
536404,22773,"Green drawer knob acrylic edwardian",12,1.25,16218,"United Kingdom",2010-12-01,11:29:00
536404,22805,"Blue drawer knob acrylic edwardian",12,1.25,16218,"United Kingdom",2010-12-01,11:29:00
536404,22964,"3 piece spaceboy cookie cutter set",12,2.10,16218,"United Kingdom",2010-12-01,11:29:00
536404,84378,"Set of 3 heart cookie cutters",12,1.25,16218,"United Kingdom",2010-12-01,11:29:00
536404,84380,"Set of 3 butterfly cookie cutters",12,1.25,16218,"United Kingdom",2010-12-01,11:29:00
536404,84992,"72 sweetheart fairy cake cases",24,0.55,16218,"United Kingdom",2010-12-01,11:29:00
536404,85049C,"Romantic pinks ribbons ",12,1.25,16218,"United Kingdom",2010-12-01,11:29:00
536404,85049D,"Bright blues ribbons ",12,1.25,16218,"United Kingdom",2010-12-01,11:29:00
536404,85049E,"Scandinavian reds ribbons",12,1.25,16218,"United Kingdom",2010-12-01,11:29:00
536404,85049G,"Chocolate box ribbons ",12,1.25,16218,"United Kingdom",2010-12-01,11:29:00
536405,20914,"Set/5 red retrospot lid glass bowls",128,2.55,14045,"United Kingdom",2010-12-01,11:32:00
536406,20679,"Edwardian parasol red",6,4.95,17850,"United Kingdom",2010-12-01,11:33:00
536406,21068,"Vintage billboard love/hate mug",6,1.06,17850,"United Kingdom",2010-12-01,11:33:00
536406,21071,"Vintage billboard drink me mug",6,1.06,17850,"United Kingdom",2010-12-01,11:33:00
536406,21730,"Glass star frosted t-light holder",6,4.25,17850,"United Kingdom",2010-12-01,11:33:00
536406,21871,"Save the planet mug",6,1.06,17850,"United Kingdom",2010-12-01,11:33:00
536406,22752,"Set 7 babushka nesting boxes",2,7.65,17850,"United Kingdom",2010-12-01,11:33:00
536406,22803,"Ivory embroidered quilt ",2,35.75,17850,"United Kingdom",2010-12-01,11:33:00
536406,37370,"Retro coffee mugs assorted",6,1.06,17850,"United Kingdom",2010-12-01,11:33:00
536406,71053,"White metal lantern",8,3.39,17850,"United Kingdom",2010-12-01,11:33:00
536406,82482,"Wooden picture frame white finish",6,2.10,17850,"United Kingdom",2010-12-01,11:33:00
536406,82483,"Wood 2 drawer cabinet white finish",4,4.95,17850,"United Kingdom",2010-12-01,11:33:00
536406,82486,"Wood s/3 cabinet ant white finish",4,6.95,17850,"United Kingdom",2010-12-01,11:33:00
536406,82494L,"Wooden frame antique white ",6,2.55,17850,"United Kingdom",2010-12-01,11:33:00
536406,84029E,"Red woolly hottie white heart.",6,3.39,17850,"United Kingdom",2010-12-01,11:33:00
536406,84029G,"Knitted union flag hot water bottle",6,3.39,17850,"United Kingdom",2010-12-01,11:33:00
536406,84406B,"Cream cupid hearts coat hanger",8,2.75,17850,"United Kingdom",2010-12-01,11:33:00
536406,85123A,"White hanging heart t-light holder",8,2.55,17850,"United Kingdom",2010-12-01,11:33:00
536407,22632,"Hand warmer red polka dot",6,1.85,17850,"United Kingdom",2010-12-01,11:34:00
536407,22633,"Hand warmer union jack",6,1.85,17850,"United Kingdom",2010-12-01,11:34:00
536408,16237,"Sleeping cat erasers",30,0.21,14307,"United Kingdom",2010-12-01,11:41:00
536408,20685,"Doormat red retrospot",2,7.95,14307,"United Kingdom",2010-12-01,11:41:00
536408,20982,"12 pencils tall tube skulls",12,0.85,14307,"United Kingdom",2010-12-01,11:41:00
536408,21210,"Set of 72 retrospot paper  doilies",12,1.45,14307,"United Kingdom",2010-12-01,11:41:00
536408,21212,"Pack of 72 retrospot cake cases",24,0.55,14307,"United Kingdom",2010-12-01,11:41:00
536408,21479,"White skull hot water bottle ",4,3.75,14307,"United Kingdom",2010-12-01,11:41:00
536408,21544,"Skulls  water transfer tattoos ",12,0.85,14307,"United Kingdom",2010-12-01,11:41:00
536408,21587,"Cosy hour giant tube matches",12,2.55,14307,"United Kingdom",2010-12-01,11:41:00
536408,21705,"Bag 500g swirly marbles",12,1.65,14307,"United Kingdom",2010-12-01,11:41:00
536408,21733,"Red hanging heart t-light holder",6,2.95,14307,"United Kingdom",2010-12-01,11:41:00
536408,21754,"Home building block word",3,5.95,14307,"United Kingdom",2010-12-01,11:41:00
536408,21755,"Love building block word",3,5.95,14307,"United Kingdom",2010-12-01,11:41:00
536408,21832,"Chocolate calculator",12,1.65,14307,"United Kingdom",2010-12-01,11:41:00
536408,21914,"Blue harmonica in box ",12,1.25,14307,"United Kingdom",2010-12-01,11:41:00
536408,21915,"Red  harmonica in box ",12,1.25,14307,"United Kingdom",2010-12-01,11:41:00
536408,22114,"Hot water bottle tea and sympathy",4,3.95,14307,"United Kingdom",2010-12-01,11:41:00
536408,22178,"Victorian glass hanging t-light",12,1.25,14307,"United Kingdom",2010-12-01,11:41:00
536408,22219,"Lovebird hanging decoration white ",12,0.85,14307,"United Kingdom",2010-12-01,11:41:00
536408,22371,"Airline bag vintage tokyo 78",4,4.25,14307,"United Kingdom",2010-12-01,11:41:00
536408,22418,"10 colour spaceboy pen",24,0.85,14307,"United Kingdom",2010-12-01,11:41:00
536408,22465,"Hanging metal star lantern",12,1.65,14307,"United Kingdom",2010-12-01,11:41:00
536408,22488,"Natural slate rectangle chalkboard",12,1.65,14307,"United Kingdom",2010-12-01,11:41:00
536408,22492,"Mini paint set vintage ",36,0.65,14307,"United Kingdom",2010-12-01,11:41:00
536408,22533,"Magic drawing slate bake a cake ",24,0.42,14307,"United Kingdom",2010-12-01,11:41:00
536408,22537,"Magic drawing slate dinosaur",24,0.42,14307,"United Kingdom",2010-12-01,11:41:00
536408,22553,"Plasters in tin skulls",12,1.65,14307,"United Kingdom",2010-12-01,11:41:00
536408,22610,"Pens assorted funny face",36,0.85,14307,"United Kingdom",2010-12-01,11:41:00
536408,22619,"Set of 6 soldier skittles",4,3.75,14307,"United Kingdom",2010-12-01,11:41:00
536408,22620,"4 traditional spinning tops",12,1.25,14307,"United Kingdom",2010-12-01,11:41:00
536408,22706,"Wrap cowboys  ",25,0.42,14307,"United Kingdom",2010-12-01,11:41:00
536408,22714,"Card birthday cowboy",12,0.42,14307,"United Kingdom",2010-12-01,11:41:00
536408,22716,"Card circus parade",12,0.42,14307,"United Kingdom",2010-12-01,11:41:00
536408,22736,"Ribbon reel making snowmen ",10,1.65,14307,"United Kingdom",2010-12-01,11:41:00
536408,22766,"Photo frame cornice",8,2.95,14307,"United Kingdom",2010-12-01,11:41:00
536408,22812,"Pack 3 boxes christmas pannetone",12,1.95,14307,"United Kingdom",2010-12-01,11:41:00
536408,22813,"Pack 3 boxes bird pannetone ",12,1.95,14307,"United Kingdom",2010-12-01,11:41:00
536408,22914,"Blue coat rack paris fashion",3,4.95,14307,"United Kingdom",2010-12-01,11:41:00
536408,22964,"3 piece spaceboy cookie cutter set",6,2.10,14307,"United Kingdom",2010-12-01,11:41:00
536408,48194,"Doormat hearts",2,7.95,14307,"United Kingdom",2010-12-01,11:41:00
536408,84029E,"Red woolly hottie white heart.",4,3.75,14307,"United Kingdom",2010-12-01,11:41:00
536408,84347,"Rotating silver angels t-light hldr",6,2.55,14307,"United Kingdom",2010-12-01,11:41:00
536408,84375,"Set of 20 kids cookie cutters",12,2.10,14307,"United Kingdom",2010-12-01,11:41:00
536408,84879,"Assorted colour bird ornament",8,1.69,14307,"United Kingdom",2010-12-01,11:41:00
536408,84949,"Silver hanging t-light holder",6,1.65,14307,"United Kingdom",2010-12-01,11:41:00
536408,84970L,"Single heart zinc t-light holder",12,0.95,14307,"United Kingdom",2010-12-01,11:41:00
536408,84997B,"Red 3 piece retrospot cutlery set",6,3.75,14307,"United Kingdom",2010-12-01,11:41:00
536408,85014A,"Black/blue polkadot umbrella",3,5.95,14307,"United Kingdom",2010-12-01,11:41:00
536408,85014B,"Red retrospot umbrella",3,5.95,14307,"United Kingdom",2010-12-01,11:41:00
536409,16238,"Party time pencil erasers",28,0.21,17908,"United Kingdom",2010-12-01,11:45:00
536409,20668,"Disco ball christmas decoration",24,0.12,17908,"United Kingdom",2010-12-01,11:45:00
536409,20669,"Red heart luggage tag",1,1.25,17908,"United Kingdom",2010-12-01,11:45:00
536409,20713,"Jumbo bag owls",1,1.95,17908,"United Kingdom",2010-12-01,11:45:00
536409,20717,"Strawberry shopper bag",1,1.25,17908,"United Kingdom",2010-12-01,11:45:00
536409,20723,"Strawberry charlotte bag",1,0.85,17908,"United Kingdom",2010-12-01,11:45:00
536409,20966,"Sandwich bath sponge",2,1.25,17908,"United Kingdom",2010-12-01,11:45:00
536409,21065,"Boom box speaker girls",1,5.95,17908,"United Kingdom",2010-12-01,11:45:00
536409,21116,"Owl doorstop",1,4.95,17908,"United Kingdom",2010-12-01,11:45:00
536409,21326,"Aged glass silver t-light holder",12,0.65,17908,"United Kingdom",2010-12-01,11:45:00
536409,21479,"White skull hot water bottle ",1,3.75,17908,"United Kingdom",2010-12-01,11:45:00
536409,21609,"Set 12 lavender  botanical t-lights",1,2.95,17908,"United Kingdom",2010-12-01,11:45:00
536409,21676,"Flowers  stickers",6,0.85,17908,"United Kingdom",2010-12-01,11:45:00
536409,21678,"Paisley pattern  stickers",6,0.85,17908,"United Kingdom",2010-12-01,11:45:00
536409,21811,"Christmas hanging heart with bell",1,1.25,17908,"United Kingdom",2010-12-01,11:45:00
536409,21823,"Painted metal heart with holly bell",3,1.45,17908,"United Kingdom",2010-12-01,11:45:00
536409,21824,"Painted metal star with holly bells",3,1.45,17908,"United Kingdom",2010-12-01,11:45:00
536409,21866,"Union jack flag luggage tag",1,1.25,17908,"United Kingdom",2010-12-01,11:45:00
536409,21867,"Pink union jack  luggage tag",1,1.25,17908,"United Kingdom",2010-12-01,11:45:00
536409,21931,"Jumbo storage bag suki",2,1.95,17908,"United Kingdom",2010-12-01,11:45:00
536409,21955,"Doormat union jack guns and roses",1,7.95,17908,"United Kingdom",2010-12-01,11:45:00
536409,21980,"Pack of 12 red retrospot tissues ",12,0.29,17908,"United Kingdom",2010-12-01,11:45:00
536409,22074,"6 ribbons shimmering pinks ",1,1.65,17908,"United Kingdom",2010-12-01,11:45:00
536409,22075,"6 ribbons elegant christmas ",1,1.65,17908,"United Kingdom",2010-12-01,11:45:00
536409,22109,"Full english breakfast plate",1,3.75,17908,"United Kingdom",2010-12-01,11:45:00
536409,22111,"Scottie dog hot water bottle",1,4.95,17908,"United Kingdom",2010-12-01,11:45:00
536409,22112,"Chocolate hot water bottle",1,4.95,17908,"United Kingdom",2010-12-01,11:45:00
536409,22153,"Angel decoration stars on dress",6,0.42,17908,"United Kingdom",2010-12-01,11:45:00
536409,22183,"Cake stand victorian filigree med",1,6.75,17908,"United Kingdom",2010-12-01,11:45:00
536409,22197,"Small popcorn holder",2,0.85,17908,"United Kingdom",2010-12-01,11:45:00
536409,22198,"Large popcorn holder ",1,1.65,17908,"United Kingdom",2010-12-01,11:45:00
536409,22531,"Magic drawing slate circus parade  ",1,0.42,17908,"United Kingdom",2010-12-01,11:45:00
536409,22568,"Feltcraft cushion owl",1,3.75,17908,"United Kingdom",2010-12-01,11:45:00
536409,22633,"Hand warmer union jack",1,2.10,17908,"United Kingdom",2010-12-01,11:45:00
536409,22664,"Toy tidy dolly girl design",1,2.10,17908,"United Kingdom",2010-12-01,11:45:00
536409,22785,"Squarecushion cover pink union flag",1,6.75,17908,"United Kingdom",2010-12-01,11:45:00
536409,22866,"Hand warmer scotty dog design",1,2.10,17908,"United Kingdom",2010-12-01,11:45:00
536409,22900," set 2 tea towels i love london ",1,2.95,17908,"United Kingdom",2010-12-01,11:45:00
536409,22972,"Children's spaceboy mug",1,1.65,17908,"United Kingdom",2010-12-01,11:45:00
536409,22975,"Spaceboy childrens egg cup",1,1.25,17908,"United Kingdom",2010-12-01,11:45:00
536409,72802C,"Vanilla scent candle jewelled box",1,4.25,17908,"United Kingdom",2010-12-01,11:45:00
536409,84625A,"Pink new baroquecandlestick candle",1,2.95,17908,"United Kingdom",2010-12-01,11:45:00
536409,84625C,"Blue new baroque candlestick candle",3,2.95,17908,"United Kingdom",2010-12-01,11:45:00
536409,84906,"Pink b'fly c/cover w bobbles",1,5.95,17908,"United Kingdom",2010-12-01,11:45:00
536409,85099B,"Jumbo bag red retrospot",2,1.95,17908,"United Kingdom",2010-12-01,11:45:00
536409,85099F,"Jumbo bag strawberry",1,1.95,17908,"United Kingdom",2010-12-01,11:45:00
536409,85116,"Black candelabra t-light holder",1,2.10,17908,"United Kingdom",2010-12-01,11:45:00
536409,85116,"Black candelabra t-light holder",5,2.10,17908,"United Kingdom",2010-12-01,11:45:00
536409,85169B,"Black love bird candle",12,1.25,17908,"United Kingdom",2010-12-01,11:45:00
536409,90129F,"Red glass tassle bag charm",1,2.95,17908,"United Kingdom",2010-12-01,11:45:00
536409,90199C,"5 strand glass necklace crystal",1,6.35,17908,"United Kingdom",2010-12-01,11:45:00
536409,90199C,"5 strand glass necklace crystal",2,6.35,17908,"United Kingdom",2010-12-01,11:45:00
536409,90199C,"5 strand glass necklace crystal",3,6.35,17908,"United Kingdom",2010-12-01,11:45:00
536409,90210B,"Clear acrylic faceted bangle",1,2.95,17908,"United Kingdom",2010-12-01,11:45:00
536412,20725,"Lunch bag red retrospot",1,1.65,17920,"United Kingdom",2010-12-01,11:49:00
536412,20727,"Lunch bag  black skull.",3,1.65,17920,"United Kingdom",2010-12-01,11:49:00
536412,20728,"Lunch bag cars blue",3,1.65,17920,"United Kingdom",2010-12-01,11:49:00
536412,20750,"Red retrospot mini cases",1,7.95,17920,"United Kingdom",2010-12-01,11:49:00
536412,21034,"Rex cash+carry jumbo shopper",1,0.95,17920,"United Kingdom",2010-12-01,11:49:00
536412,21242,"Red retrospot plate ",1,1.69,17920,"United Kingdom",2010-12-01,11:49:00
536412,21243,"Pink  polkadot plate ",1,1.69,17920,"United Kingdom",2010-12-01,11:49:00
536412,21244,"Blue polkadot plate ",1,1.69,17920,"United Kingdom",2010-12-01,11:49:00
536412,21245,"Green polkadot plate ",1,1.69,17920,"United Kingdom",2010-12-01,11:49:00
536412,21448,"12 daisy pegs in wood box",1,1.65,17920,"United Kingdom",2010-12-01,11:49:00
536412,21448,"12 daisy pegs in wood box",2,1.65,17920,"United Kingdom",2010-12-01,11:49:00
536412,21706,"Folding umbrella red/white polkadot",1,4.95,17920,"United Kingdom",2010-12-01,11:49:00
536412,21708,"Folding umbrella cream polkadot",1,4.95,17920,"United Kingdom",2010-12-01,11:49:00
536412,21710,"Folding umbrella pinkwhite polkadot",1,4.95,17920,"United Kingdom",2010-12-01,11:49:00
536412,21711,"Folding umbrella white/red polkadot",1,4.95,17920,"United Kingdom",2010-12-01,11:49:00
536412,21731,"Red toadstool led night light",5,1.65,17920,"United Kingdom",2010-12-01,11:49:00
536412,21738,"Cosy slipper shoes small  red ",1,2.95,17920,"United Kingdom",2010-12-01,11:49:00
536412,21738,"Cosy slipper shoes small  red ",2,2.95,17920,"United Kingdom",2010-12-01,11:49:00
536412,21738,"Cosy slipper shoes small  red ",5,2.95,17920,"United Kingdom",2010-12-01,11:49:00
536412,21739,"Cosy slipper shoes small green",2,2.95,17920,"United Kingdom",2010-12-01,11:49:00
536412,21880,"Red retrospot tape",10,0.65,17920,"United Kingdom",2010-12-01,11:49:00
536412,22077,"6 ribbons rustic charm",1,1.65,17920,"United Kingdom",2010-12-01,11:49:00
536412,22077,"6 ribbons rustic charm",2,1.65,17920,"United Kingdom",2010-12-01,11:49:00
536412,22077,"6 ribbons rustic charm",7,1.65,17920,"United Kingdom",2010-12-01,11:49:00
536412,22086,"Paper chain kit 50's christmas ",1,2.95,17920,"United Kingdom",2010-12-01,11:49:00
536412,22141,"Christmas craft tree top angel",1,2.10,17920,"United Kingdom",2010-12-01,11:49:00
536412,22144,"Christmas craft little friends",1,2.10,17920,"United Kingdom",2010-12-01,11:49:00
536412,22144,"Christmas craft little friends",2,2.10,17920,"United Kingdom",2010-12-01,11:49:00
536412,22179,"Set 10 lights night owl",2,6.75,17920,"United Kingdom",2010-12-01,11:49:00
536412,22197,"Small popcorn holder",5,0.85,17920,"United Kingdom",2010-12-01,11:49:00
536412,22242,"5 hook hanger magic toadstool",5,1.65,17920,"United Kingdom",2010-12-01,11:49:00
536412,22243,"5 hook hanger red magic toadstool",1,1.65,17920,"United Kingdom",2010-12-01,11:49:00
536412,22243,"5 hook hanger red magic toadstool",3,1.65,17920,"United Kingdom",2010-12-01,11:49:00
536412,22243,"5 hook hanger red magic toadstool",6,1.65,17920,"United Kingdom",2010-12-01,11:49:00
536412,22271,"Feltcraft doll rosie",2,2.95,17920,"United Kingdom",2010-12-01,11:49:00
536412,22273,"Feltcraft doll molly",1,2.95,17920,"United Kingdom",2010-12-01,11:49:00
536412,22273,"Feltcraft doll molly",2,2.95,17920,"United Kingdom",2010-12-01,11:49:00
536412,22274,"Feltcraft doll emily",2,2.95,17920,"United Kingdom",2010-12-01,11:49:00
536412,22326,"Round snack boxes set of4 woodland ",1,2.95,17920,"United Kingdom",2010-12-01,11:49:00
536412,22327,"Round snack boxes set of 4 skulls",1,2.95,17920,"United Kingdom",2010-12-01,11:49:00
536412,22328,"Round snack boxes set of 4 fruits ",1,2.95,17920,"United Kingdom",2010-12-01,11:49:00
536412,22382,"Lunch bag spaceboy design ",3,1.65,17920,"United Kingdom",2010-12-01,11:49:00
536412,22383,"Lunch bag suki  design ",3,1.65,17920,"United Kingdom",2010-12-01,11:49:00
536412,22468,"Babushka lights string of 10",2,6.75,17920,"United Kingdom",2010-12-01,11:49:00
536412,22568,"Feltcraft cushion owl",3,3.75,17920,"United Kingdom",2010-12-01,11:49:00
536412,22569,"Feltcraft cushion butterfly",2,3.75,17920,"United Kingdom",2010-12-01,11:49:00
536412,22570,"Feltcraft cushion rabbit",3,3.75,17920,"United Kingdom",2010-12-01,11:49:00
536412,22629,"Spaceboy lunch box ",1,1.95,17920,"United Kingdom",2010-12-01,11:49:00
536412,22630,"Dolly girl lunch box",1,1.95,17920,"United Kingdom",2010-12-01,11:49:00
536412,22652,"Travel sewing kit",5,1.65,17920,"United Kingdom",2010-12-01,11:49:00
536412,22662,"Lunch bag dolly girl design",4,1.65,17920,"United Kingdom",2010-12-01,11:49:00
536412,22749,"Feltcraft princess charlotte doll",1,3.75,17920,"United Kingdom",2010-12-01,11:49:00
536412,22749,"Feltcraft princess charlotte doll",2,3.75,17920,"United Kingdom",2010-12-01,11:49:00
536412,22751,"Feltcraft princess olivia doll",2,3.75,17920,"United Kingdom",2010-12-01,11:49:00
536412,22759,"Set of 3 notebooks in parcel",1,1.65,17920,"United Kingdom",2010-12-01,11:49:00
536412,22759,"Set of 3 notebooks in parcel",5,1.65,17920,"United Kingdom",2010-12-01,11:49:00
536412,22837,"Hot water bottle babushka ",3,4.65,17920,"United Kingdom",2010-12-01,11:49:00
536412,22900," set 2 tea towels i love london ",2,2.95,17920,"United Kingdom",2010-12-01,11:49:00
536412,22902,"Tote bag i love london",7,2.10,17920,"United Kingdom",2010-12-01,11:49:00
536412,22940,"Feltcraft christmas fairy",1,4.25,17920,"United Kingdom",2010-12-01,11:49:00
536412,22940,"Feltcraft christmas fairy",3,4.25,17920,"United Kingdom",2010-12-01,11:49:00
536412,22961,"Jam making set printed",24,1.45,17920,"United Kingdom",2010-12-01,11:49:00
536412,22968,"Rose cottage keepsake box ",4,9.95,17920,"United Kingdom",2010-12-01,11:49:00
536412,22988,"Soldiers egg cup ",6,1.25,17920,"United Kingdom",2010-12-01,11:49:00
536412,85049E,"Scandinavian reds ribbons",1,1.25,17920,"United Kingdom",2010-12-01,11:49:00
536412,85049E,"Scandinavian reds ribbons",3,1.25,17920,"United Kingdom",2010-12-01,11:49:00
536412,85049E,"Scandinavian reds ribbons",12,1.25,17920,"United Kingdom",2010-12-01,11:49:00
536412,85184C,"S/4 valentine decoupage heart box",1,2.95,17920,"United Kingdom",2010-12-01,11:49:00
536415,21212,"Pack of 72 retrospot cake cases",2,0.55,12838,"United Kingdom",2010-12-01,11:57:00
536415,21790,"Vintage snap cards",3,0.85,12838,"United Kingdom",2010-12-01,11:57:00
536415,21791,"Vintage heads and tails card game ",3,1.25,12838,"United Kingdom",2010-12-01,11:57:00
536415,21916,"Set 12 retro white chalk sticks",2,0.42,12838,"United Kingdom",2010-12-01,11:57:00
536415,21976,"Pack of 60 mushroom cake cases",2,0.55,12838,"United Kingdom",2010-12-01,11:57:00
536415,21977,"Pack of 60 pink paisley cake cases",3,0.55,12838,"United Kingdom",2010-12-01,11:57:00
536415,21986,"Pack of 12 pink polkadot tissues",12,0.29,12838,"United Kingdom",2010-12-01,11:57:00
536415,22086,"Paper chain kit 50's christmas ",6,2.95,12838,"United Kingdom",2010-12-01,11:57:00
536415,22130,"Party cone christmas decoration ",6,0.85,12838,"United Kingdom",2010-12-01,11:57:00
536415,22147,"Feltcraft butterfly hearts",4,1.45,12838,"United Kingdom",2010-12-01,11:57:00
536415,22149,"Feltcraft 6 flower friends",4,2.10,12838,"United Kingdom",2010-12-01,11:57:00
536415,22186,"Red star card holder",5,2.95,12838,"United Kingdom",2010-12-01,11:57:00
536415,22321,"Bird decoration red retrospot",12,0.85,12838,"United Kingdom",2010-12-01,11:57:00
536415,22367,"Childrens apron spaceboy design",3,1.95,12838,"United Kingdom",2010-12-01,11:57:00
536415,22469,"Heart of wicker small",5,1.65,12838,"United Kingdom",2010-12-01,11:57:00
536415,22470,"Heart of wicker large",1,2.95,12838,"United Kingdom",2010-12-01,11:57:00
536415,22472,"Tv dinner tray dolly girl",2,4.95,12838,"United Kingdom",2010-12-01,11:57:00
536415,22529,"Magic drawing slate go to the fair ",3,0.42,12838,"United Kingdom",2010-12-01,11:57:00
536415,22530,"Magic drawing slate dolly girl ",3,0.42,12838,"United Kingdom",2010-12-01,11:57:00
536415,22531,"Magic drawing slate circus parade  ",3,0.42,12838,"United Kingdom",2010-12-01,11:57:00
536415,22534,"Magic drawing slate spaceboy ",3,0.42,12838,"United Kingdom",2010-12-01,11:57:00
536415,22551,"Plasters in tin spaceboy",3,1.65,12838,"United Kingdom",2010-12-01,11:57:00
536415,22554,"Plasters in tin woodland animals",3,1.65,12838,"United Kingdom",2010-12-01,11:57:00
536415,22557,"Plasters in tin vintage paisley ",3,1.65,12838,"United Kingdom",2010-12-01,11:57:00
536415,22565,"Feltcraft hairbands pink and white ",3,0.85,12838,"United Kingdom",2010-12-01,11:57:00
536415,22566,"Feltcraft hairband pink and purple",3,0.85,12838,"United Kingdom",2010-12-01,11:57:00
536415,22580,"Advent calendar gingham sack",1,5.95,12838,"United Kingdom",2010-12-01,11:57:00
536415,22587,"Feltcraft hairband red and blue",4,0.85,12838,"United Kingdom",2010-12-01,11:57:00
536415,22593,"Christmas gingham star",4,0.85,12838,"United Kingdom",2010-12-01,11:57:00
536415,22594,"Christmas gingham tree",5,0.85,12838,"United Kingdom",2010-12-01,11:57:00
536415,22595,"Christmas gingham heart",6,0.85,12838,"United Kingdom",2010-12-01,11:57:00
536415,22616,"Pack of 12 london tissues ",12,0.29,12838,"United Kingdom",2010-12-01,11:57:00
536415,22632,"Hand warmer red retrospot",3,2.10,12838,"United Kingdom",2010-12-01,11:57:00
536415,22694,"Wicker star ",5,2.10,12838,"United Kingdom",2010-12-01,11:57:00
536415,22695,"Wicker wreath small",3,1.45,12838,"United Kingdom",2010-12-01,11:57:00
536415,22736,"Ribbon reel making snowmen ",3,1.65,12838,"United Kingdom",2010-12-01,11:57:00
536415,22738,"Ribbon reel snowy village",3,1.65,12838,"United Kingdom",2010-12-01,11:57:00
536415,22739,"Ribbon reel christmas sock bauble",3,1.65,12838,"United Kingdom",2010-12-01,11:57:00
536415,22749,"Feltcraft princess charlotte doll",2,3.75,12838,"United Kingdom",2010-12-01,11:57:00
536415,22750,"Feltcraft princess lola doll",2,3.75,12838,"United Kingdom",2010-12-01,11:57:00
536415,22775,"Purple drawerknob acrylic edwardian",1,1.25,12838,"United Kingdom",2010-12-01,11:57:00
536415,22807,"Set of 6 t-lights toadstools",12,2.95,12838,"United Kingdom",2010-12-01,11:57:00
536415,22834,"Hand warmer babushka design",3,2.10,12838,"United Kingdom",2010-12-01,11:57:00
536415,22837,"Hot water bottle babushka ",3,4.65,12838,"United Kingdom",2010-12-01,11:57:00
536415,22865,"Hand warmer owl design",3,2.10,12838,"United Kingdom",2010-12-01,11:57:00
536415,22867,"Hand warmer bird design",3,2.10,12838,"United Kingdom",2010-12-01,11:57:00
536415,22899,"Children's apron dolly girl ",2,2.10,12838,"United Kingdom",2010-12-01,11:57:00
536415,22900," set 2 tea towels i love london ",3,2.95,12838,"United Kingdom",2010-12-01,11:57:00
536415,22909,"Set of 20 vintage christmas napkins",5,0.85,12838,"United Kingdom",2010-12-01,11:57:00
536415,22910,"Paper chain kit vintage christmas",5,2.95,12838,"United Kingdom",2010-12-01,11:57:00
536415,22940,"Feltcraft christmas fairy",2,4.25,12838,"United Kingdom",2010-12-01,11:57:00
536415,22941,"Christmas lights 10 reindeer",3,8.50,12838,"United Kingdom",2010-12-01,11:57:00
536415,22942,"Christmas lights 10 santas ",3,8.50,12838,"United Kingdom",2010-12-01,11:57:00
536415,22951,"60 cake cases dolly girl design",2,0.55,12838,"United Kingdom",2010-12-01,11:57:00
536415,22952,"60 cake cases vintage christmas",10,0.55,12838,"United Kingdom",2010-12-01,11:57:00
536415,22961,"Jam making set printed",3,1.45,12838,"United Kingdom",2010-12-01,11:57:00
536415,35591T,"Turquoise christmas tree ",2,1.25,12838,"United Kingdom",2010-12-01,11:57:00
536415,84032B,"Charlie + lola red hot water bottle",3,2.95,12838,"United Kingdom",2010-12-01,11:57:00
536415,85049H,"Urban black ribbons ",2,1.25,12838,"United Kingdom",2010-12-01,11:57:00
536416,21494,"Rotating leaves t-light holder",12,1.25,13255,"United Kingdom",2010-12-01,11:58:00
536416,21915,"Red  harmonica in box ",72,1.25,13255,"United Kingdom",2010-12-01,11:58:00
536416,22767,"Triple photo frame cornice ",4,9.95,13255,"United Kingdom",2010-12-01,11:58:00
536416,22768,"Family photo frame cornice",4,9.95,13255,"United Kingdom",2010-12-01,11:58:00
536416,22938,"Cupcake lace paper set 6",12,1.95,13255,"United Kingdom",2010-12-01,11:58:00
536416,82494L,"Wooden frame antique white ",6,2.95,13255,"United Kingdom",2010-12-01,11:58:00
536420,21715,"Girls vintage tin seaside bucket",8,2.55,16583,"United Kingdom",2010-12-01,12:03:00
536420,21716,"Boys vintage tin seaside bucket",8,2.55,16583,"United Kingdom",2010-12-01,12:03:00
536420,21718,"Red metal beach spade ",12,1.25,16583,"United Kingdom",2010-12-01,12:03:00
536420,21889,"Wooden box of dominoes",12,1.25,16583,"United Kingdom",2010-12-01,12:03:00
536420,21890,"S/6 wooden skittles in cotton bag",6,2.95,16583,"United Kingdom",2010-12-01,12:03:00
536420,21891,"Traditional wooden skipping rope",12,1.25,16583,"United Kingdom",2010-12-01,12:03:00
536420,21892,"Traditional wooden catch cup game ",12,1.25,16583,"United Kingdom",2010-12-01,12:03:00
536420,22110,"Bird house hot water bottle",6,2.55,16583,"United Kingdom",2010-12-01,12:03:00
536420,22111,"Scottie dog hot water bottle",3,4.95,16583,"United Kingdom",2010-12-01,12:03:00
536420,22113,"Grey heart hot water bottle",4,3.75,16583,"United Kingdom",2010-12-01,12:03:00
536420,22115,"Metal sign empire tea",6,2.95,16583,"United Kingdom",2010-12-01,12:03:00
536420,22357,"Kings choice biscuit tin",4,4.25,16583,"United Kingdom",2010-12-01,12:03:00
536420,22358,"Kings choice tea caddy ",6,2.95,16583,"United Kingdom",2010-12-01,12:03:00
536420,22969,"Homemade jam scented candles",12,1.45,16583,"United Kingdom",2010-12-01,12:03:00
536423,21479,"White skull hot water bottle ",8,3.75,18085,"United Kingdom",2010-12-01,12:08:00
536423,21481,"Fawn blue hot water bottle",6,2.95,18085,"United Kingdom",2010-12-01,12:08:00
536423,21485,"Retrospot heart hot water bottle",8,4.95,18085,"United Kingdom",2010-12-01,12:08:00
536423,22111,"Scottie dog hot water bottle",16,4.95,18085,"United Kingdom",2010-12-01,12:08:00
536423,22113,"Grey heart hot water bottle",8,3.75,18085,"United Kingdom",2010-12-01,12:08:00
536423,22619,"Set of 6 soldier skittles",4,3.75,18085,"United Kingdom",2010-12-01,12:08:00
536423,22632,"Hand warmer red retrospot",12,2.10,18085,"United Kingdom",2010-12-01,12:08:00
536423,22837,"Hot water bottle babushka ",8,4.65,18085,"United Kingdom",2010-12-01,12:08:00
536423,84029E,"Red woolly hottie white heart.",8,3.75,18085,"United Kingdom",2010-12-01,12:08:00
536425,21411,"Gingham heart  doorstop red",3,4.25,13758,"United Kingdom",2010-12-01,12:08:00
536425,21556,"Ceramic strawberry money box",6,2.55,13758,"United Kingdom",2010-12-01,12:08:00
536425,22449,"Silk purse babushka pink",6,3.35,13758,"United Kingdom",2010-12-01,12:08:00
536425,22451,"Silk purse babushka red",6,3.35,13758,"United Kingdom",2010-12-01,12:08:00
536425,22508,"Doorstop retrospot heart",8,3.75,13758,"United Kingdom",2010-12-01,12:08:00
536425,22511,"Retrospot babushka doorstop",4,3.75,13758,"United Kingdom",2010-12-01,12:08:00
536425,22585,"Pack of 6 birdy gift tags",12,1.25,13758,"United Kingdom",2010-12-01,12:08:00
536425,22637,"Piggy bank retrospot ",12,2.55,13758,"United Kingdom",2010-12-01,12:08:00
536425,22644,"Ceramic cherry cake money bank",12,1.45,13758,"United Kingdom",2010-12-01,12:08:00
536425,22645,"Ceramic heart fairy cake money bank",12,1.45,13758,"United Kingdom",2010-12-01,12:08:00
536425,22646,"Ceramic strawberry cake money bank",12,1.45,13758,"United Kingdom",2010-12-01,12:08:00
536425,22650,"Ceramic pirate chest money bank",12,1.45,13758,"United Kingdom",2010-12-01,12:08:00
536425,22768,"Family photo frame cornice",2,9.95,13758,"United Kingdom",2010-12-01,12:08:00
536425,22829,"Sweetheart wire wall tidy",2,9.95,13758,"United Kingdom",2010-12-01,12:08:00
536425,22837,"Hot water bottle babushka ",8,4.65,13758,"United Kingdom",2010-12-01,12:08:00
536425,22961,"Jam making set printed",12,1.45,13758,"United Kingdom",2010-12-01,12:08:00
536425,79321,"Chilli lights",8,4.95,13758,"United Kingdom",2010-12-01,12:08:00
536437,17021,"Namaste swagat incense",600,0.24,13694,"United Kingdom",2010-12-01,12:12:00
536437,21154,"Red retrospot oven glove ",200,1.06,13694,"United Kingdom",2010-12-01,12:12:00
536437,22059,"Ceramic strawberry design mug",48,1.25,13694,"United Kingdom",2010-12-01,12:12:00
536437,22188,"Black heart card holder",36,3.39,13694,"United Kingdom",2010-12-01,12:12:00
536437,22189,"Cream heart card holder",72,3.39,13694,"United Kingdom",2010-12-01,12:12:00
536437,84678,"Classical rose small vase",48,1.25,13694,"United Kingdom",2010-12-01,12:12:00
536446,10133,"Colouring pencils brown tube",5,0.85,15983,"United Kingdom",2010-12-01,12:15:00
536446,16014,"Small chinese style scissor",10,0.42,15983,"United Kingdom",2010-12-01,12:15:00
536446,16016,"Large chinese style scissor",10,0.85,15983,"United Kingdom",2010-12-01,12:15:00
536446,20773,"Blue paisley notebook",2,1.65,15983,"United Kingdom",2010-12-01,12:15:00
536446,20774,"Green fern notebook",2,1.65,15983,"United Kingdom",2010-12-01,12:15:00
536446,20777,"Chrysanthemum notebook",2,1.65,15983,"United Kingdom",2010-12-01,12:15:00
536446,21156,"Retrospot childrens apron",1,1.95,15983,"United Kingdom",2010-12-01,12:15:00
536446,21156,"Retrospot childrens apron",3,1.95,15983,"United Kingdom",2010-12-01,12:15:00
536446,21586,"Kings choice giant tube matches",4,2.55,15983,"United Kingdom",2010-12-01,12:15:00
536446,21587,"Cosy hour giant tube matches",4,2.55,15983,"United Kingdom",2010-12-01,12:15:00
536446,21591,"Cosy hour cigar box matches ",6,1.25,15983,"United Kingdom",2010-12-01,12:15:00
536446,21651,"Hanging glass etched tealight",6,1.65,15983,"United Kingdom",2010-12-01,12:15:00
536446,21890,"S/6 wooden skittles in cotton bag",2,2.95,15983,"United Kingdom",2010-12-01,12:15:00
536446,21891,"Traditional wooden skipping rope",2,1.25,15983,"United Kingdom",2010-12-01,12:15:00
536446,22142,"Christmas craft white fairy ",2,1.45,15983,"United Kingdom",2010-12-01,12:15:00
536446,22144,"Christmas craft little friends",2,2.10,15983,"United Kingdom",2010-12-01,12:15:00
536446,22152,"Place setting white star",24,0.42,15983,"United Kingdom",2010-12-01,12:15:00
536446,22294,"Heart filigree dove  small",24,1.25,15983,"United Kingdom",2010-12-01,12:15:00
536446,22294,"Heart filigree dove  small",48,1.25,15983,"United Kingdom",2010-12-01,12:15:00
536446,22480,"Red tea towel classic design",12,1.25,15983,"United Kingdom",2010-12-01,12:15:00
536446,22618,"Cooking set retrospot",2,9.95,15983,"United Kingdom",2010-12-01,12:15:00
536446,22619,"Set of 6 soldier skittles",8,3.75,15983,"United Kingdom",2010-12-01,12:15:00
536446,22620,"4 traditional spinning tops",6,1.25,15983,"United Kingdom",2010-12-01,12:15:00
536446,72800E,"4 ivory dinner candles silver flock",6,2.55,15983,"United Kingdom",2010-12-01,12:15:00
536446,84347,"Rotating silver angels t-light hldr",12,2.55,15983,"United Kingdom",2010-12-01,12:15:00
536446,84625C,"Blue new baroque candlestick candle",10,2.95,15983,"United Kingdom",2010-12-01,12:15:00
536446,84754,"S/15 silver glass baubles in bag",24,1.25,15983,"United Kingdom",2010-12-01,12:15:00
536446,84836,"Zinc metal heart decoration",12,1.25,15983,"United Kingdom",2010-12-01,12:15:00
536446,85169B,"Black love bird candle",24,1.25,15983,"United Kingdom",2010-12-01,12:15:00
536446,85172,"Hyacinth bulb t-light candles",16,0.42,15983,"United Kingdom",2010-12-01,12:15:00
536446,85172,"Hyacinth bulb t-light candles",32,0.42,15983,"United Kingdom",2010-12-01,12:15:00
536460,21121,"Set/10 red polkadot party candles",24,1.25,14849,"United Kingdom",2010-12-01,12:22:00
536460,21257,"Victorian sewing box medium",2,7.95,14849,"United Kingdom",2010-12-01,12:22:00
536460,21259,"Victorian sewing box small ",2,5.95,14849,"United Kingdom",2010-12-01,12:22:00
536460,21484,"Chick grey hot water bottle",8,3.45,14849,"United Kingdom",2010-12-01,12:22:00
536460,21485,"Retrospot heart hot water bottle",6,4.95,14849,"United Kingdom",2010-12-01,12:22:00
536460,21586,"Kings choice giant tube matches",12,2.55,14849,"United Kingdom",2010-12-01,12:22:00
536460,21977,"Pack of 60 pink paisley cake cases",24,0.55,14849,"United Kingdom",2010-12-01,12:22:00
536460,22670,"French wc sign blue metal",12,1.25,14849,"United Kingdom",2010-12-01,12:22:00
536460,22925,"Blue giant garden thermometer",2,5.95,14849,"United Kingdom",2010-12-01,12:22:00
536460,22926,"Ivory giant garden thermometer",4,5.95,14849,"United Kingdom",2010-12-01,12:22:00
536460,22927,"Green giant garden thermometer",2,5.95,14849,"United Kingdom",2010-12-01,12:22:00
536460,84849B,"Fairy soap soap holder",12,1.69,14849,"United Kingdom",2010-12-01,12:22:00
536460,84879,"Assorted colour bird ornament",24,1.69,14849,"United Kingdom",2010-12-01,12:22:00
536460,84992,"72 sweetheart fairy cake cases",24,0.55,14849,"United Kingdom",2010-12-01,12:22:00
536463,82552,"Washroom metal sign",12,1.45,14849,"United Kingdom",2010-12-01,12:22:00
536464,10125,"Mini funky design tapes",2,0.85,17968,"United Kingdom",2010-12-01,12:23:00
536464,16258A,"Swirly circular rubbers in bag",1,0.42,17968,"United Kingdom",2010-12-01,12:23:00
536464,20866,"Blue rose fabric mirror",1,1.25,17968,"United Kingdom",2010-12-01,12:23:00
536464,20878,"Set/9 christmas t-lights scented ",1,1.25,17968,"United Kingdom",2010-12-01,12:23:00
536464,21121,"Set/10 red polkadot party candles",1,1.25,17968,"United Kingdom",2010-12-01,12:23:00
536464,21122,"Set/10 pink polkadot party candles",1,1.25,17968,"United Kingdom",2010-12-01,12:23:00
536464,21124,"Set/10 blue polkadot party candles",1,1.25,17968,"United Kingdom",2010-12-01,12:23:00
536464,21212,"Pack of 72 retrospot cake cases",1,0.55,17968,"United Kingdom",2010-12-01,12:23:00
536464,21212,"Pack of 72 retrospot cake cases",2,0.55,17968,"United Kingdom",2010-12-01,12:23:00
536464,21260,"First aid tin",1,3.25,17968,"United Kingdom",2010-12-01,12:23:00
536464,21327,"Skulls writing set ",1,1.65,17968,"United Kingdom",2010-12-01,12:23:00
536464,21328,"Balloons  writing set ",1,1.65,17968,"United Kingdom",2010-12-01,12:23:00
536464,21329,"Dinosaurs  writing set ",1,1.65,17968,"United Kingdom",2010-12-01,12:23:00
536464,21584,"Retrospot small tube matches",1,1.65,17968,"United Kingdom",2010-12-01,12:23:00
536464,21738,"Cosy slipper shoes small  red ",1,2.95,17968,"United Kingdom",2010-12-01,12:23:00
536464,21814,"Heart t-light holder ",2,1.45,17968,"United Kingdom",2010-12-01,12:23:00
536464,21814,"Heart t-light holder ",8,1.45,17968,"United Kingdom",2010-12-01,12:23:00
536464,21815,"Star  t-light holder ",1,1.45,17968,"United Kingdom",2010-12-01,12:23:00
536464,21815,"Star  t-light holder ",4,1.45,17968,"United Kingdom",2010-12-01,12:23:00
536464,21816,"Christmas tree t-light holder",2,1.45,17968,"United Kingdom",2010-12-01,12:23:00
536464,21977,"Pack of 60 pink paisley cake cases",1,0.55,17968,"United Kingdom",2010-12-01,12:23:00
536464,21980,"Pack of 12 red retrospot tissues ",1,0.29,17968,"United Kingdom",2010-12-01,12:23:00
536464,21985,"Pack of 12 hearts design tissues ",1,0.29,17968,"United Kingdom",2010-12-01,12:23:00
536464,21992,"Vintage paisley stationery set",1,2.95,17968,"United Kingdom",2010-12-01,12:23:00
536464,22082,"Ribbon reel stripes design ",5,1.65,17968,"United Kingdom",2010-12-01,12:23:00
536464,22086,"Paper chain kit 50's christmas ",1,2.95,17968,"United Kingdom",2010-12-01,12:23:00
536464,22197,"Small popcorn holder",5,0.85,17968,"United Kingdom",2010-12-01,12:23:00
536464,22197,"Small popcorn holder",6,0.85,17968,"United Kingdom",2010-12-01,12:23:00
536464,22294,"Heart filigree dove  small",1,1.25,17968,"United Kingdom",2010-12-01,12:23:00
536464,22295,"Heart filigree dove large",1,1.65,17968,"United Kingdom",2010-12-01,12:23:00
536464,22297,"Heart ivory trellis small",1,1.25,17968,"United Kingdom",2010-12-01,12:23:00
536464,22312,"Office mug warmer polkadot",1,2.95,17968,"United Kingdom",2010-12-01,12:23:00
536464,22333,"Retrospot party bag + sticker set",1,1.65,17968,"United Kingdom",2010-12-01,12:23:00
536464,22386,"Jumbo bag pink polkadot",1,1.95,17968,"United Kingdom",2010-12-01,12:23:00
536464,22441,"Grow your own basil in enamel mug",1,2.10,17968,"United Kingdom",2010-12-01,12:23:00
536464,22500,"Set of 2 tins jardin de provence",2,4.95,17968,"United Kingdom",2010-12-01,12:23:00
536464,22557,"Plasters in tin vintage paisley ",1,1.65,17968,"United Kingdom",2010-12-01,12:23:00
536464,22558,"Clothes pegs retrospot pack 24 ",2,1.49,17968,"United Kingdom",2010-12-01,12:23:00
536464,22573,"Star wooden christmas decoration",1,0.85,17968,"United Kingdom",2010-12-01,12:23:00
536464,22577,"Wooden heart christmas scandinavian",1,0.85,17968,"United Kingdom",2010-12-01,12:23:00
536464,22582,"Pack of 6 sweetie gift boxes",1,2.55,17968,"United Kingdom",2010-12-01,12:23:00
536464,22585,"Pack of 6 birdy gift tags",3,1.25,17968,"United Kingdom",2010-12-01,12:23:00
536464,22603,"Christmas retrospot tree wood",2,0.85,17968,"United Kingdom",2010-12-01,12:23:00
536464,22619,"Set of 6 soldier skittles",1,3.75,17968,"United Kingdom",2010-12-01,12:23:00
536464,22663,"Jumbo bag dolly girl design",1,1.95,17968,"United Kingdom",2010-12-01,12:23:00
536464,22731,"3d christmas stamps stickers ",2,1.25,17968,"United Kingdom",2010-12-01,12:23:00
536464,22735,"Ribbon reel socks and mittens",2,1.65,17968,"United Kingdom",2010-12-01,12:23:00
536464,22737,"Ribbon reel christmas present ",1,1.65,17968,"United Kingdom",2010-12-01,12:23:00
536464,22742,"Make your own playtime card kit",1,2.95,17968,"United Kingdom",2010-12-01,12:23:00
536464,22744,"Make your own monsoon card kit",2,2.95,17968,"United Kingdom",2010-12-01,12:23:00
536464,22759,"Set of 3 notebooks in parcel",1,1.65,17968,"United Kingdom",2010-12-01,12:23:00
536464,22809,"Set of 6 t-lights santa",1,2.95,17968,"United Kingdom",2010-12-01,12:23:00
536464,22810,"Set of 6 t-lights snowmen",1,2.95,17968,"United Kingdom",2010-12-01,12:23:00
536464,22812,"Pack 3 boxes christmas pannetone",6,1.95,17968,"United Kingdom",2010-12-01,12:23:00
536464,22813,"Pack 3 boxes bird pannetone ",2,1.95,17968,"United Kingdom",2010-12-01,12:23:00
536464,22866,"Hand warmer scotty dog design",1,2.10,17968,"United Kingdom",2010-12-01,12:23:00
536464,22866,"Hand warmer scotty dog design",3,2.10,17968,"United Kingdom",2010-12-01,12:23:00
536464,22910,"Paper chain kit vintage christmas",1,2.95,17968,"United Kingdom",2010-12-01,12:23:00
536464,22945,"Christmas metal tags assorted ",6,0.85,17968,"United Kingdom",2010-12-01,12:23:00
536464,22952,"60 cake cases vintage christmas",2,0.55,17968,"United Kingdom",2010-12-01,12:23:00
536464,22956,"36 foil heart cake cases",1,2.10,17968,"United Kingdom",2010-12-01,12:23:00
536464,22960,"Jam making set with jars",1,4.25,17968,"United Kingdom",2010-12-01,12:23:00
536464,22988,"Soldiers egg cup ",1,1.25,17968,"United Kingdom",2010-12-01,12:23:00
536464,48173C,"Doormat black flock ",1,7.95,17968,"United Kingdom",2010-12-01,12:23:00
536464,72818,"Christmas decoupage candle",1,0.85,17968,"United Kingdom",2010-12-01,12:23:00
536464,84879,"Assorted colour bird ornament",8,1.69,17968,"United Kingdom",2010-12-01,12:23:00
536464,85095,"Three canvas luggage tags",1,1.95,17968,"United Kingdom",2010-12-01,12:23:00
536464,85099B,"Jumbo bag red retrospot",1,1.95,17968,"United Kingdom",2010-12-01,12:23:00
536464,85099C,"Jumbo  bag baroque black white",1,1.95,17968,"United Kingdom",2010-12-01,12:23:00
536464,85231B,"Cinammon set of 9 t-lights",2,0.85,17968,"United Kingdom",2010-12-01,12:23:00
536464,85231B,"Cinammon set of 9 t-lights",3,0.85,17968,"United Kingdom",2010-12-01,12:23:00
536464,85231G,"Orange scented set/9 t-lights",1,0.85,17968,"United Kingdom",2010-12-01,12:23:00
536464,85231G,"Orange scented set/9 t-lights",5,0.85,17968,"United Kingdom",2010-12-01,12:23:00
536464,90059B,"Diamante hair grip pack/2 black dia",2,1.65,17968,"United Kingdom",2010-12-01,12:23:00
536464,90059C,"Diamante hair grip pack/2 montana",1,1.65,17968,"United Kingdom",2010-12-01,12:23:00
536464,90059E,"Diamante hair grip pack/2 ruby",3,1.65,17968,"United Kingdom",2010-12-01,12:23:00
536464,90185C,"Black diamante expandable ring",2,4.25,17968,"United Kingdom",2010-12-01,12:23:00
536464,90200A,"Purple sweetheart bracelet",1,4.25,17968,"United Kingdom",2010-12-01,12:23:00
536464,90200B,"Black sweetheart bracelet",2,4.25,17968,"United Kingdom",2010-12-01,12:23:00
536464,90200C,"Blue sweetheart bracelet",1,4.25,17968,"United Kingdom",2010-12-01,12:23:00
536464,90200D,"Pink sweetheart bracelet",3,4.25,17968,"United Kingdom",2010-12-01,12:23:00
536466,22960,"Jam making set with jars",6,4.25,14849,"United Kingdom",2010-12-01,12:23:00
536466,22961,"Jam making set printed",12,1.45,14849,"United Kingdom",2010-12-01,12:23:00
536477,20977,"36 pencils tube woodland",16,1.25,16210,"United Kingdom",2010-12-01,12:27:00
536477,20979,"36 pencils tube red retrospot",16,1.25,16210,"United Kingdom",2010-12-01,12:27:00
536477,21137,"Black record cover frame",480,3.39,16210,"United Kingdom",2010-12-01,12:27:00
536477,21314,"Small glass heart trinket pot",48,1.85,16210,"United Kingdom",2010-12-01,12:27:00
536477,22041,"Record frame 7" single size "",48,2.10,16210,"United Kingdom",2010-12-01,12:27:00
536477,22411,"Jumbo shopper vintage red paisley",10,1.95,16210,"United Kingdom",2010-12-01,12:27:00
536477,22423,"Regency cakestand 3 tier",16,10.95,16210,"United Kingdom",2010-12-01,12:27:00
536477,22571,"Rocking horse red christmas ",96,0.72,16210,"United Kingdom",2010-12-01,12:27:00
536477,22593,"Christmas gingham star",144,0.72,16210,"United Kingdom",2010-12-01,12:27:00
536477,22595,"Christmas gingham heart",144,0.72,16210,"United Kingdom",2010-12-01,12:27:00
536477,22619,"Set of 6 soldier skittles",4,3.75,16210,"United Kingdom",2010-12-01,12:27:00
536477,22632,"Hand warmer red retrospot",12,2.10,16210,"United Kingdom",2010-12-01,12:27:00
536477,22633,"Hand warmer union jack",12,2.10,16210,"United Kingdom",2010-12-01,12:27:00
536477,84029E,"Red woolly hottie white heart.",24,3.39,16210,"United Kingdom",2010-12-01,12:27:00
536488,20878,"Set/9 christmas t-lights scented ",2,1.25,17897,"United Kingdom",2010-12-01,12:31:00
536488,21034,"Rex cash+carry jumbo shopper",1,0.95,17897,"United Kingdom",2010-12-01,12:31:00
536488,21190,"Pink hearts paper garland",1,1.65,17897,"United Kingdom",2010-12-01,12:31:00
536488,21367,"Mirrored wall art gents",1,2.55,17897,"United Kingdom",2010-12-01,12:31:00
536488,21370,"Mirrored wall art foxy",2,6.35,17897,"United Kingdom",2010-12-01,12:31:00
536488,21577,"Save the planet cotton tote bag",1,2.25,17897,"United Kingdom",2010-12-01,12:31:00
536488,21592,"Retrospot cigar box matches ",1,1.25,17897,"United Kingdom",2010-12-01,12:31:00
536488,21621,"Vintage union jack bunting",1,8.50,17897,"United Kingdom",2010-12-01,12:31:00
536488,21894,"Potting shed seed envelopes",3,1.25,17897,"United Kingdom",2010-12-01,12:31:00
536488,21895,"Potting shed sow 'n' grow set",1,4.25,17897,"United Kingdom",2010-12-01,12:31:00
536488,22082,"Ribbon reel stripes design ",5,1.65,17897,"United Kingdom",2010-12-01,12:31:00
536488,22087,"Paper bunting white lace",1,2.95,17897,"United Kingdom",2010-12-01,12:31:00
536488,22144,"Christmas craft little friends",1,2.10,17897,"United Kingdom",2010-12-01,12:31:00
536488,22144,"Christmas craft little friends",2,2.10,17897,"United Kingdom",2010-12-01,12:31:00
536488,22149,"Feltcraft 6 flower friends",2,2.10,17897,"United Kingdom",2010-12-01,12:31:00
536488,22150,"3 stripey mice feltcraft",1,1.95,17897,"United Kingdom",2010-12-01,12:31:00
536488,22372,"Airline bag vintage world champion ",1,4.25,17897,"United Kingdom",2010-12-01,12:31:00
536488,22376,"Airline bag vintage jet set white",1,4.25,17897,"United Kingdom",2010-12-01,12:31:00
536488,22468,"Babushka lights string of 10",1,6.75,17897,"United Kingdom",2010-12-01,12:31:00
536488,22651,"Gentleman shirt repair kit ",2,0.85,17897,"United Kingdom",2010-12-01,12:31:00
536488,22713,"Card i love london ",12,0.42,17897,"United Kingdom",2010-12-01,12:31:00
536488,22738,"Ribbon reel snowy village",5,1.65,17897,"United Kingdom",2010-12-01,12:31:00
536488,22867,"Hand warmer bird design",1,2.10,17897,"United Kingdom",2010-12-01,12:31:00
536488,22909,"Set of 20 vintage christmas napkins",1,0.85,17897,"United Kingdom",2010-12-01,12:31:00
536488,22910,"Paper chain kit vintage christmas",1,2.95,17897,"United Kingdom",2010-12-01,12:31:00
536488,22940,"Feltcraft christmas fairy",1,4.25,17897,"United Kingdom",2010-12-01,12:31:00
536488,22960,"Jam making set with jars",8,4.25,17897,"United Kingdom",2010-12-01,12:31:00
536488,22961,"Jam making set printed",1,1.45,17897,"United Kingdom",2010-12-01,12:31:00
536488,47563A,"Retro longboard ironing board cover",1,3.75,17897,"United Kingdom",2010-12-01,12:31:00
536488,70007,"Hi tec alpine hand warmer",1,1.65,17897,"United Kingdom",2010-12-01,12:31:00
536488,70007,"Hi tec alpine hand warmer",3,1.65,17897,"United Kingdom",2010-12-01,12:31:00
536488,84347,"Rotating silver angels t-light hldr",1,2.55,17897,"United Kingdom",2010-12-01,12:31:00
536488,84347,"Rotating silver angels t-light hldr",3,2.55,17897,"United Kingdom",2010-12-01,12:31:00
536488,84558A,"3d dog picture playing cards",1,2.95,17897,"United Kingdom",2010-12-01,12:31:00
536500,21035,"Set/2 red retrospot tea towels ",3,2.95,17377,"United Kingdom",2010-12-01,12:35:00
536500,21488,"Red white scarf  hot water bottle",2,3.95,17377,"United Kingdom",2010-12-01,12:35:00
536500,21622,"Vintage union jack cushion cover",10,4.95,17377,"United Kingdom",2010-12-01,12:35:00
536500,21754,"Home building block word",6,5.95,17377,"United Kingdom",2010-12-01,12:35:00
536500,21755,"Love building block word",6,5.95,17377,"United Kingdom",2010-12-01,12:35:00
536500,22024,"Rainy ladies birthday card",12,0.42,17377,"United Kingdom",2010-12-01,12:35:00
536500,22113,"Grey heart hot water bottle",3,3.75,17377,"United Kingdom",2010-12-01,12:35:00
536500,22616,"Pack of 12 london tissues ",12,0.29,17377,"United Kingdom",2010-12-01,12:35:00
536500,22630,"Dolly girl lunch box",2,1.95,17377,"United Kingdom",2010-12-01,12:35:00
536500,22712,"Card dolly girl ",12,0.42,17377,"United Kingdom",2010-12-01,12:35:00
536500,22895,"Set of 2 tea towels apple and pears",3,2.95,17377,"United Kingdom",2010-12-01,12:35:00
536500,22900," set 2 tea towels i love london ",7,2.95,17377,"United Kingdom",2010-12-01,12:35:00
536500,22983,"Card billboard font",12,0.42,17377,"United Kingdom",2010-12-01,12:35:00
536500,46000M,"Polyester filler pad 45x45cm",10,1.55,17377,"United Kingdom",2010-12-01,12:35:00
536500,84029E,"Red woolly hottie white heart.",2,3.75,17377,"United Kingdom",2010-12-01,12:35:00
536502,21441,"Blue birdhouse decoration",12,0.85,16552,"United Kingdom",2010-12-01,12:36:00
536502,22423,"Regency cakestand 3 tier",2,12.75,16552,"United Kingdom",2010-12-01,12:36:00
536502,22784,"Lantern cream gazebo ",3,4.95,16552,"United Kingdom",2010-12-01,12:36:00
536502,84879,"Assorted colour bird ornament",16,1.69,16552,"United Kingdom",2010-12-01,12:36:00
536502,85123A,"White hanging heart t-light holder",6,2.95,16552,"United Kingdom",2010-12-01,12:36:00
536508,21326,"Aged glass silver t-light holder",144,0.55,17181,"United Kingdom",2010-12-01,12:38:00
536508,84947,"Antique silver tea glass engraved",72,1.06,17181,"United Kingdom",2010-12-01,12:38:00
536514,22485,"Set of 2 wooden market crates",4,12.75,17951,"United Kingdom",2010-12-01,12:40:00
536514,22633,"Hand warmer union jack",36,2.10,17951,"United Kingdom",2010-12-01,12:40:00
536514,22807,"Set of 6 t-lights toadstools",6,2.95,17951,"United Kingdom",2010-12-01,12:40:00
536514,22865,"Hand warmer owl design",36,2.10,17951,"United Kingdom",2010-12-01,12:40:00
536514,22866,"Hand warmer scotty dog design",36,2.10,17951,"United Kingdom",2010-12-01,12:40:00
536520,20707,"Crazy daisy heart decoration",1,1.25,14729,"United Kingdom",2010-12-01,12:43:00
536520,20754,"Retrospot red washing up gloves",1,2.10,14729,"United Kingdom",2010-12-01,12:43:00
536520,20772,"Garden path journal",1,2.55,14729,"United Kingdom",2010-12-01,12:43:00
536520,21034,"Rex cash+carry jumbo shopper",2,0.95,14729,"United Kingdom",2010-12-01,12:43:00
536520,21111,"Swiss roll towel, chocolate  spots",1,2.95,14729,"United Kingdom",2010-12-01,12:43:00
536520,21122,"Set/10 pink polkadot party candles",1,1.25,14729,"United Kingdom",2010-12-01,12:43:00
536520,21123,"Set/10 ivory polkadot party candles",1,1.25,14729,"United Kingdom",2010-12-01,12:43:00
536520,21124,"Set/10 blue polkadot party candles",1,1.25,14729,"United Kingdom",2010-12-01,12:43:00
536520,21175,"Gin + tonic diet metal sign",1,2.10,14729,"United Kingdom",2010-12-01,12:43:00
536520,21292,"Small stripes chocolate gift bag ",16,0.85,14729,"United Kingdom",2010-12-01,12:43:00
536520,21358,"Toast its - happy birthday",2,1.25,14729,"United Kingdom",2010-12-01,12:43:00
536520,21427,"Skulls storage box small",2,2.10,14729,"United Kingdom",2010-12-01,12:43:00
536520,21486,"Pink heart dots hot water bottle",1,3.75,14729,"United Kingdom",2010-12-01,12:43:00
536520,21584,"Retrospot small tube matches",12,1.65,14729,"United Kingdom",2010-12-01,12:43:00
536520,21588,"Retrospot giant tube matches",3,2.55,14729,"United Kingdom",2010-12-01,12:43:00
536520,21794,"Classic french style basket natural",1,6.75,14729,"United Kingdom",2010-12-01,12:43:00
536520,21804,"White christmas garland stars trees",3,3.75,14729,"United Kingdom",2010-12-01,12:43:00
536520,21867,"Pink union jack  luggage tag",1,1.25,14729,"United Kingdom",2010-12-01,12:43:00
536520,21890,"S/6 wooden skittles in cotton bag",1,2.95,14729,"United Kingdom",2010-12-01,12:43:00
536520,21930,"Jumbo storage bag skulls",1,1.95,14729,"United Kingdom",2010-12-01,12:43:00
536520,21985,"Pack of 12 hearts design tissues ",12,0.29,14729,"United Kingdom",2010-12-01,12:43:00
536520,22092,"Blue paisley tissue box",1,1.25,14729,"United Kingdom",2010-12-01,12:43:00
536520,22096,"Pink paisley square tissue box ",1,1.25,14729,"United Kingdom",2010-12-01,12:43:00
536520,22099,"Caravan square tissue box",2,1.25,14729,"United Kingdom",2010-12-01,12:43:00
536520,22100,"Skulls square tissue box",1,1.25,14729,"United Kingdom",2010-12-01,12:43:00
536520,22107,"Pizza plate in box",2,3.75,14729,"United Kingdom",2010-12-01,12:43:00
536520,22151,"Place setting white heart",14,0.42,14729,"United Kingdom",2010-12-01,12:43:00
536520,22152,"Place setting white star",12,0.42,14729,"United Kingdom",2010-12-01,12:43:00
536520,22197,"Small popcorn holder",3,0.85,14729,"United Kingdom",2010-12-01,12:43:00
536520,22241,"Garland wooden happy easter",2,1.25,14729,"United Kingdom",2010-12-01,12:43:00
536520,22441,"Grow your own basil in enamel mug",1,2.10,14729,"United Kingdom",2010-12-01,12:43:00
536520,22469,"Heart of wicker small",1,1.65,14729,"United Kingdom",2010-12-01,12:43:00
536520,22469,"Heart of wicker small",2,1.65,14729,"United Kingdom",2010-12-01,12:43:00
536520,22470,"Heart of wicker large",1,2.95,14729,"United Kingdom",2010-12-01,12:43:00
536520,22501,"Picnic basket wicker large",1,9.95,14729,"United Kingdom",2010-12-01,12:43:00
536520,22551,"Plasters in tin spaceboy",1,1.65,14729,"United Kingdom",2010-12-01,12:43:00
536520,22553,"Plasters in tin skulls",1,1.65,14729,"United Kingdom",2010-12-01,12:43:00
536520,22557,"Plasters in tin vintage paisley ",2,1.65,14729,"United Kingdom",2010-12-01,12:43:00
536520,22575,"Metal merry christmas wreath",1,1.95,14729,"United Kingdom",2010-12-01,12:43:00
536520,22582,"Pack of 6 sweetie gift boxes",2,2.55,14729,"United Kingdom",2010-12-01,12:43:00
536520,22583,"Pack of 6 handbag gift boxes",1,2.55,14729,"United Kingdom",2010-12-01,12:43:00
536520,22583,"Pack of 6 handbag gift boxes",3,2.55,14729,"United Kingdom",2010-12-01,12:43:00
536520,22588,"Card holder gingham heart",2,2.55,14729,"United Kingdom",2010-12-01,12:43:00
536520,22604,"Set of 4 napkin charms cutlery",3,2.55,14729,"United Kingdom",2010-12-01,12:43:00
536520,22632,"Hand warmer red retrospot",4,2.10,14729,"United Kingdom",2010-12-01,12:43:00
536520,22633,"Hand warmer union jack",3,2.10,14729,"United Kingdom",2010-12-01,12:43:00
536520,22642,"Set of 4 napkin charms stars   ",4,2.55,14729,"United Kingdom",2010-12-01,12:43:00
536520,22643,"Set of 4 napkin charms leaves   ",4,2.55,14729,"United Kingdom",2010-12-01,12:43:00
536520,22653,"Button box ",1,1.95,14729,"United Kingdom",2010-12-01,12:43:00
536520,22670,"French wc sign blue metal",1,1.25,14729,"United Kingdom",2010-12-01,12:43:00
536520,22754,"Small red babushka notebook ",1,0.85,14729,"United Kingdom",2010-12-01,12:43:00
536520,22760,"Tray, breakfast in bed",1,12.75,14729,"United Kingdom",2010-12-01,12:43:00
536520,22812,"Pack 3 boxes christmas pannetone",3,1.95,14729,"United Kingdom",2010-12-01,12:43:00
536520,22904,"Calendar paper cut design",3,2.95,14729,"United Kingdom",2010-12-01,12:43:00
536520,22905,"Calendar in season design",2,2.95,14729,"United Kingdom",2010-12-01,12:43:00
536520,22906,"12 message cards with envelopes",6,1.65,14729,"United Kingdom",2010-12-01,12:43:00
536520,22916,"Herb marker thyme",1,0.65,14729,"United Kingdom",2010-12-01,12:43:00
536520,22917,"Herb marker rosemary",1,0.65,14729,"United Kingdom",2010-12-01,12:43:00
536520,22918,"Herb marker parsley",2,0.65,14729,"United Kingdom",2010-12-01,12:43:00
536520,22919,"Herb marker mint",2,0.65,14729,"United Kingdom",2010-12-01,12:43:00
536520,22920,"Herb marker basil",3,0.65,14729,"United Kingdom",2010-12-01,12:43:00
536520,22921,"Herb marker chives ",2,0.65,14729,"United Kingdom",2010-12-01,12:43:00
536520,22926,"Ivory giant garden thermometer",1,5.95,14729,"United Kingdom",2010-12-01,12:43:00
536520,22938,"Cupcake lace paper set 6",5,1.95,14729,"United Kingdom",2010-12-01,12:43:00
536520,22955,"36 foil star cake cases ",2,2.10,14729,"United Kingdom",2010-12-01,12:43:00
536520,22956,"36 foil heart cake cases",2,2.10,14729,"United Kingdom",2010-12-01,12:43:00
536520,71406C,"Black orange squeezer",12,0.42,14729,"United Kingdom",2010-12-01,12:43:00
536520,84378,"Set of 3 heart cookie cutters",1,1.25,14729,"United Kingdom",2010-12-01,12:43:00
536520,84596E,"Small licorice des pink bowl",1,1.25,14729,"United Kingdom",2010-12-01,12:43:00
536520,84985A,"Set of 72 green paper doilies",1,1.45,14729,"United Kingdom",2010-12-01,12:43:00
536520,85123A,"White hanging heart t-light holder",3,2.95,14729,"United Kingdom",2010-12-01,12:43:00
536521,22854,"Cream sweetheart egg holder",1,4.95,12748,"United Kingdom",2010-12-01,12:48:00
536522,20914,"Set/5 red retrospot lid glass bowls",1,2.95,15012,"United Kingdom",2010-12-01,12:49:00
536522,20972,"Pink cream felt craft trinket box ",1,1.25,15012,"United Kingdom",2010-12-01,12:49:00
536522,21041,"Red retrospot oven glove double",1,2.95,15012,"United Kingdom",2010-12-01,12:49:00
536522,21098,"Christmas toilet roll",2,1.25,15012,"United Kingdom",2010-12-01,12:49:00
536522,21121,"Set/10 red polkadot party candles",1,1.25,15012,"United Kingdom",2010-12-01,12:49:00
536522,21122,"Set/10 pink polkadot party candles",1,1.25,15012,"United Kingdom",2010-12-01,12:49:00
536522,21124,"Set/10 blue polkadot party candles",2,1.25,15012,"United Kingdom",2010-12-01,12:49:00
536522,21190,"Pink hearts paper garland",1,1.65,15012,"United Kingdom",2010-12-01,12:49:00
536522,21192,"White bell honeycomb paper ",3,1.65,15012,"United Kingdom",2010-12-01,12:49:00
536522,21197,"Multicolour  confetti in tube",1,1.65,15012,"United Kingdom",2010-12-01,12:49:00
536522,21326,"Aged glass silver t-light holder",12,0.65,15012,"United Kingdom",2010-12-01,12:49:00
536522,21664,"Ridged glass storage jar cream lid",1,3.75,15012,"United Kingdom",2010-12-01,12:49:00
536522,21664,"Ridged glass storage jar cream lid",2,3.75,15012,"United Kingdom",2010-12-01,12:49:00
536522,21742,"Large round wicker platter ",1,5.95,15012,"United Kingdom",2010-12-01,12:49:00
536522,21810,"Christmas hanging star with bell",1,1.25,15012,"United Kingdom",2010-12-01,12:49:00
536522,21810,"Christmas hanging star with bell",2,1.25,15012,"United Kingdom",2010-12-01,12:49:00
536522,21931,"Jumbo storage bag suki",1,1.95,15012,"United Kingdom",2010-12-01,12:49:00
